name,seqres
WNT5A_MOUSE_and_ROR1_MOUSE,SQLAGLSQGQKKLCHLYQDHMQYIGEGAKTGIKECQYQFRHRRWNCSTVDNTSVFGRVMQIGSRETAFTYAVSAAGVVNAMSRACREGELSTCGCSRAARPKDLPRDWLWGGCGDNIDYGYRFAKEFVDARERERIHAKGSYESARILMNLHNNEAGRRTVYNLADVACKCHGVSGSCSLKTCWLQLADFRKVGDALKEKYDSAAAMRLNSRGKLVQVNSRFNSPTTQDLVYIDPSPDYCVRNESTGSLGTQGRLCNKTSEGMDGCELMCCGRGYDQFKTVQTERCHCKFHWCCYVKCKKCTEIVDQFVCK:YLTLDEPMNNITTSLGQTAELHCKVSGNPPPSIRWFKNDAPVVQEPRRISFRATNYGSRLRIRNLDTTDTGYFQCVATNGKKVVSTTGVLFVKFGPPPTASPGSSDEYEEDGFCQPYRGIACARFIGNRTVYMESLHMQGEIENQITAAFTMIGTSSHLSDKCSQFAIPSLCHYAFPYCDETSSVPKPRDLCRDECEVLENVLCQTEYIFARSNPMILMRLKLPNCEDLPQPESPEAANCIRIGIPMADPINKNHKCYNSTGVDYRGTVSVTKSGRQCQPWNSQYPHTHSFTALRFPELNGGHSYCRNPGNQKEAPWCFTLDENFKSDLCDIPACD
WNT5A_MOUSE_and_Q8BNP9_MOUSE,SQLAGLSQGQKKLCHLYQDHMQYIGEGAKTGIKECQYQFRHRRWNCSTVDNTSVFGRVMQIGSRETAFTYAVSAAGVVNAMSRACREGELSTCGCSRAARPKDLPRDWLWGGCGDNIDYGYRFAKEFVDARERERIHAKGSYESARILMNLHNNEAGRRTVYNLADVACKCHGVSGSCSLKTCWLQLADFRKVGDALKEKYDSAAAMRLNSRGKLVQVNSRFNSPTTQDLVYIDPSPDYCVRNESTGSLGTQGRLCNKTSEGMDGCELMCCGRGYDQFKTVQTERCHCKFHWCCYVKCKKCTEIVDQFVCK:YLTLDEPMNNITTSLGQTAELHCKVSGNPPPSIRWFKNDAPVVQEPRRISFRATNYGSRLRIRNLDTTDTGYFQCVATNGKKVVSTTGVLFVKFGPPPTASPGSSDEYEEDGFCQPYRGIACARFIGNRTVYMESLHMQGEIENQITAAFTMIGTSSHLSDKCSQFAIPSLCHYAFPYCDETSSVPKPRDLCRDECEVLENVLCQTEYIFARSNPMILMRLKLPNCEDLPQPESPEAANCIRIGIPMADPINKNHKCYNSTGVDYRGTVSVTKSGRQCQPWNSQYPHTHSFTALRFPELNGGHSYCRNPGNQKEAPWCFTLDENFKSDLCDIPACD
WNT5A_MOUSE_and_ROR2_MOUSE,SQLAGLSQGQKKLCHLYQDHMQYIGEGAKTGIKECQYQFRHRRWNCSTVDNTSVFGRVMQIGSRETAFTYAVSAAGVVNAMSRACREGELSTCGCSRAARPKDLPRDWLWGGCGDNIDYGYRFAKEFVDARERERIHAKGSYESARILMNLHNNEAGRRTVYNLADVACKCHGVSGSCSLKTCWLQLADFRKVGDALKEKYDSAAAMRLNSRGKLVQVNSRFNSPTTQDLVYIDPSPDYCVRNESTGSLGTQGRLCNKTSEGMDGCELMCCGRGYDQFKTVQTERCHCKFHWCCYVKCKKCTEIVDQFVCK:FLNFLEPVNNITIVQGQTAILHCKVAGNPPPNVRWLKNDAPVVQEPRRVIIRKTEYGSRLRIQDLDTTDTGYYQCVATNGLKTITATGVLYVRLGPTHSPNHNFQDDDQEDGFCQPYRGIACARFIGNRTIYVDSLQMQGEIENRITAAFTMIGTSTQLSDQCSQFAIPSFCHFVFPLCDARSRAPKPRELCRDECEVLENDLCRQEYTIARSNPLILMRLQLPKCEALPMPESPDAANCMRIGIPAERLGRYHQCYNGSGADYRGMASTTKSGHQCQPWALQHPHSHRLSSTEFPELGGGHAYCRNPGGQVEGPWCFTQNKNVRVELCDVPPCS
WNT5A_MOUSE_and_Q8C3W2_MOUSE,SQLAGLSQGQKKLCHLYQDHMQYIGEGAKTGIKECQYQFRHRRWNCSTVDNTSVFGRVMQIGSRETAFTYAVSAAGVVNAMSRACREGELSTCGCSRAARPKDLPRDWLWGGCGDNIDYGYRFAKEFVDARERERIHAKGSYESARILMNLHNNEAGRRTVYNLADVACKCHGVSGSCSLKTCWLQLADFRKVGDALKEKYDSAAAMRLNSRGKLVQVNSRFNSPTTQDLVYIDPSPDYCVRNESTGSLGTQGRLCNKTSEGMDGCELMCCGRGYDQFKTVQTERCHCKFHWCCYVKCKKCTEIVDQFVCK:FLNFLEPVNNITIVQGQTAILHCKVAGNPPPNVRWLKNDAPVVQEPRRVIIRKTEYGSRLRIQDLDTTDTGYYQCVATNGLKTITATGVLYVRLGPTHSPNHNFQDDDQEDGFCQPYRGIACARFIGNRTIYVDSLQMQGEIENRITAAFTMIGTSTQLSDQCSQFAIPSFCHFVFPLCDARSRAPKPRELCRDECEVLENDLCRQEYTIARSNPLILMRLQLPKCEALPMPESPDAANCMRIGIPAERLGRYHQCYNGSGADYRGMASTTKSGHQCQPWALQHPHSHRLSSTEFPELGGGHAYCRNPGGQMEGPWCFTQNKNVRVELCDVPPCS
WNT5A_MOUSE_and_Q3TZP9_MOUSE,SQLAGLSQGQKKLCHLYQDHMQYIGEGAKTGIKECQYQFRHRRWNCSTVDNTSVFGRVMQIGSRETAFTYAVSAAGVVNAMSRACREGELSTCGCSRAARPKDLPRDWLWGGCGDNIDYGYRFAKEFVDARERERIHAKGSYESARILMNLHNNEAGRRTVYNLADVACKCHGVSGSCSLKTCWLQLADFRKVGDALKEKYDSAAAMRLNSRGKLVQVNSRFNSPTTQDLVYIDPSPDYCVRNESTGSLGTQGRLCNKTSEGMDGCELMCCGRGYDQFKTVQTERCHCKFHWCCYVKCKKCTEIVDQFVCK:FLNFLEPVNNITIVQGQTAILHCKVAGNPPPNVRWLKNDAPVVQEPRRVIIRKTEYGSRLRIQDLDTTDTGYYQCVATNGLKTITATGVLYVRLGPTHSPNHNFQDDDQEDGFCQPYRGIACARFIGNRTIYVDSLQMQGEIENRITAAFTMIGTSTQLSDQCSQFAIPSFCHFVFPLCDARSRAPKPRELCRDECEVLENDLCRQEYTIARSNPLILMRLQLPKCEALPMPESPDAANCMRIGIPAERLGRYHQCYNGSGADYRGMASTTKSGHQCQPWALQHPHSHRLSSTEFPELGGGHAYCRNPGGQMEGPWCFTQNKNVRVELCDVPPCS
WNT5A_MOUSE_and_Q8BSP6_MOUSE,SQLAGLSQGQKKLCHLYQDHMQYIGEGAKTGIKECQYQFRHRRWNCSTVDNTSVFGRVMQIGSRETAFTYAVSAAGVVNAMSRACREGELSTCGCSRAARPKDLPRDWLWGGCGDNIDYGYRFAKEFVDARERERIHAKGSYESARILMNLHNNEAGRRTVYNLADVACKCHGVSGSCSLKTCWLQLADFRKVGDALKEKYDSAAAMRLNSRGKLVQVNSRFNSPTTQDLVYIDPSPDYCVRNESTGSLGTQGRLCNKTSEGMDGCELMCCGRGYDQFKTVQTERCHCKFHWCCYVKCKKCTEIVDQFVCK:FLNFLEPVNNITIVQGQTAILHCKVAGNPPPNVRWLKNDAPVVQEPRRVIIRKTEYGSRLRIQDLDTTDTGYYQCVATNGLKTITATGVLYVRLGPTHSPNHNFQDDDQEDGFCQPYRGIACARFIGNRTIYVDSLQMQGEIENRITAAFTMIGTSTQLSDQCSQFAIPSFCHFVFPLCDARSRAPKPRELCRDECEVLENDLCRQEYTIARSNPLILMRLQLPKCEALPMPESPDAANCMRIGIPAERLGRYHQCYNGSGADYRGMASTTKSGHQCQPWALQHPHSHRLSSTEFPELGGGHAYCRNPGGQMEGPWCFTQNKNVRVELCDVPPCS
WNT5A_MOUSE_and_E9PUN5_MOUSE,SQLAGLSQGQKKLCHLYQDHMQYIGEGAKTGIKECQYQFRHRRWNCSTVDNTSVFGRVMQIGSRETAFTYAVSAAGVVNAMSRACREGELSTCGCSRAARPKDLPRDWLWGGCGDNIDYGYRFAKEFVDARERERIHAKGSYESARILMNLHNNEAGRRTVYNLADVACKCHGVSGSCSLKTCWLQLADFRKVGDALKEKYDSAAAMRLNSRGKLVQVNSRFNSPTTQDLVYIDPSPDYCVRNESTGSLGTQGRLCNKTSEGMDGCELMCCGRGYDQFKTVQTERCHCKFHWCCYVKCKKCTEIVDQFVCK:FLNFLEPVNNITIVQGQTAILHCKVAGNPPPNVRWLKNDAPVVQEPRRVIIRKTEYGSRLRIQDLDTTDTGYYQCVATNGLKTITATGVLYVRLGPTHSPNHNFQDDDQEDGFCQPYRGIACARFIGNRTIYVDSLQMQGEIENRITAAFTMIGTSTQLSDQCSQFAIPSFCHFVFPLCDARSRAPKPRELCRDECEVLENDLCRQEYTIARSNPLILMRLQLPKCEALPMPESPDAANCMRIGIPAERLGRYHQCYNGSGADYRGMASTTKSGHQCQPWALQHPHSHRLSSTEFPELGGGHAYCRNPGGQMEGPWCFTQNKNVRVELCDVPPCS
WNT5A_HUMAN_and_ROR1_HUMAN,SQLAGLSQGQKKLCHLYQDHMQYIGEGAKTGIKECQYQFRHRRWNCSTVDNTSVFGRVMQIGSRETAFTYAVSAAGVVNAMSRACREGELSTCGCSRAARPKDLPRDWLWGGCGDNIDYGYRFAKEFVDARERERIHAKGSYESARILMNLHNNEAGRRTVYNLADVACKCHGVSGSCSLKTCWLQLADFRKVGDALKEKYDSAAAMRLNSRGKLVQVNSRFNSPTTQDLVYIDPSPDYCVRNESTGSLGTQGRLCNKTSEGMDGCELMCCGRGYDQFKTVQTERCHCKFHWCCYVKCKKCTEIVDQFVCK:YLTLDEPMNNITTSLGQTAELHCKVSGNPPPTIRWFKNDAPVVQEPRRLSFRSTIYGSRLRIRNLDTTDTGYFQCVATNGKEVVSSTGVLFVKFGPPPTASPGYSDEYEEDGFCQPYRGIACARFIGNRTVYMESLHMQGEIENQITAAFTMIGTSSHLSDKCSQFAIPSLCHYAFPYCDETSSVPKPRDLCRDECEILENVLCQTEYIFARSNPMILMRLKLPNCEDLPQPESPEAANCIRIGIPMADPINKNHKCYNSTGVDYRGTVSVTKSGRQCQPWNSQYPHTHTFTALRFPELNGGHSYCRNPGNQKEAPWCFTLDENFKSDLCDIPACD
WNT5A_HUMAN_and_ROR2_HUMAN,SQLAGLSQGQKKLCHLYQDHMQYIGEGAKTGIKECQYQFRHRRWNCSTVDNTSVFGRVMQIGSRETAFTYAVSAAGVVNAMSRACREGELSTCGCSRAARPKDLPRDWLWGGCGDNIDYGYRFAKEFVDARERERIHAKGSYESARILMNLHNNEAGRRTVYNLADVACKCHGVSGSCSLKTCWLQLADFRKVGDALKEKYDSAAAMRLNSRGKLVQVNSRFNSPTTQDLVYIDPSPDYCVRNESTGSLGTQGRLCNKTSEGMDGCELMCCGRGYDQFKTVQTERCHCKFHWCCYVKCKKCTEIVDQFVCK:FLNFLEPVNNITIVQGQTAILHCKVAGNPPPNVRWLKNDAPVVQEPRRIIIRKTEYGSRLRIQDLDTTDTGYYQCVATNGMKTITATGVLFVRLGPTHSPNHNFQDDYHEDGFCQPYRGIACARFIGNRTIYVDSLQMQGEIENRITAAFTMIGTSTHLSDQCSQFAIPSFCHFVFPLCDARSRTPKPRELCRDECEVLESDLCRQEYTIARSNPLILMRLQLPKCEALPMPESPDAANCMRIGIPAERLGRYHQCYNGSGMDYRGTASTTKSGHQCQPWALQHPHSHHLSSTDFPELGGGHAYCRNPGGQMEGPWCFTQNKNVRMELCDVPSCS
WNT5A_HUMAN_and_A1L4F5_HUMAN,SQLAGLSQGQKKLCHLYQDHMQYIGEGAKTGIKECQYQFRHRRWNCSTVDNTSVFGRVMQIGSRETAFTYAVSAAGVVNAMSRACREGELSTCGCSRAARPKDLPRDWLWGGCGDNIDYGYRFAKEFVDARERERIHAKGSYESARILMNLHNNEAGRRTVYNLADVACKCHGVSGSCSLKTCWLQLADFRKVGDALKEKYDSAAAMRLNSRGKLVQVNSRFNSPTTQDLVYIDPSPDYCVRNESTGSLGTQGRLCNKTSEGMDGCELMCCGRGYDQFKTVQTERCHCKFHWCCYVKCKKCTEIVDQFVCK:FLNFLEPVNNITIVQGQTAILHCKVAGNPPPNVRWLKNDAPVVQEPRRIIIRKTEYGSRLRIQDLDTTDTGYYQCVATNGMKTITATGVLFVRLGPTHSPNHNFQDDYHEDGFCQPYRGIACARFIGNRTIYVDSLQMQGEIENRITAAFTMIGTSTHLSDQCSQFAIPSFCHFVFPLCDARSRAPKPRELCRDECEVLESDLCRQEYTIARSNPLILMRLQLPKCEALPMPESPDAANCMRIGIPAERLGRYHQCYNGSGMDYRGTASTTKSGHQCQPWALQHPHSHHLSSTDFPELGGGHAYCRNPGGQMEGPWCFTQNKNVRMELCDVPSCS
Q9YGX6_CHICK_and_A0A8V0ZXD9_CHICK,SQLAGLSQGQKKLCQLYQDHMQFIGEGAKTGIKECQYQFRHRRWNCSTVDNNSVFGRVMQIGSRETAFTYAVSAAGVVNAMSRACREGELSSCGCSRAARPKDLPRDWLWGGCGDNIEYGYRFAKEFVDARERERVYQRGSYESARIMMNLHNNEAGRRTVYNLADVACKCHGVSGSCSLKTCWLQLADFRKVGDALKEKYDSAAAMKLNSRGKLVQMNSRFNAPTIHDLIYIDPSPDYCMRNESTGSLGTQGRLCNKTSEGMDGCELMCCGRGYDQFKTVQRERCHCKFHWCCYVKCKLCTEIVDQFVCK:FLTLDEPMNNITTTLGQTAELHCKVSGNPPPTVRWLKNDAPVVQEPRRISFRATSYGSRLRIRNLDTTDTGYFQCVATNGRKTVSTTGVLFVKFGPPPTASPGSSDEYEEDGFCQPYRGIACARFIGNRTIYMESLHMQGEIENQITAAFTMIGTSSHLSDKCSQFAIPSLCHYAFPYCDETSPAPKPRDLCRDECEILENVLCQTEYIFARSNPMILMRLKLPNCEDLPQPDSPEAVNCIRIGIPMADPINKNHKCYNSTGVDYRGTVSVTRSGRQCQPWNSQYPHTHTFTAIRYPELNGGHSYCRNPGNQKDAPWCFTLDENFKSEICDVPACD
Q9YGX6_CHICK_and_A0A8V0ZZK7_CHICK,SQLAGLSQGQKKLCQLYQDHMQFIGEGAKTGIKECQYQFRHRRWNCSTVDNNSVFGRVMQIGSRETAFTYAVSAAGVVNAMSRACREGELSSCGCSRAARPKDLPRDWLWGGCGDNIEYGYRFAKEFVDARERERVYQRGSYESARIMMNLHNNEAGRRTVYNLADVACKCHGVSGSCSLKTCWLQLADFRKVGDALKEKYDSAAAMKLNSRGKLVQMNSRFNAPTIHDLIYIDPSPDYCMRNESTGSLGTQGRLCNKTSEGMDGCELMCCGRGYDQFKTVQRERCHCKFHWCCYVKCKLCTEIVDQFVCK:FLTLDEPMNNITTTLGQTAELHCKVSGNPPPTVRWLKNDAPVVQEPRRISFRATSYGSRLRIRNLDTTDTGYFQCVATNGRKTVSTTGVLFVKFGPPPTASPGSSDEYEEDGFCQPYRGIACARFIGNRTIYMESLHMQGEIENQITAAFTMIGTSSHLSDKCSQFAIPSLCHYAFPYCDETSPAPKPRDLCRDECEILENVLCQTEYIFARSNPMILMRLKLPNCEDLPQPDSPEAVNCIRIGIPMADPINKNHKCYNSTGVDYRGTVSVTRSGRQCQPWNSQYPHTHTFTAIRYPELNGGHSYCRNPGNQKDAPWCFTLDENFKSEICDVPACD
Q9YGX6_CHICK_and_A0A8V0ZZL2_CHICK,SQLAGLSQGQKKLCQLYQDHMQFIGEGAKTGIKECQYQFRHRRWNCSTVDNNSVFGRVMQIGSRETAFTYAVSAAGVVNAMSRACREGELSSCGCSRAARPKDLPRDWLWGGCGDNIEYGYRFAKEFVDARERERVYQRGSYESARIMMNLHNNEAGRRTVYNLADVACKCHGVSGSCSLKTCWLQLADFRKVGDALKEKYDSAAAMKLNSRGKLVQMNSRFNAPTIHDLIYIDPSPDYCMRNESTGSLGTQGRLCNKTSEGMDGCELMCCGRGYDQFKTVQRERCHCKFHWCCYVKCKLCTEIVDQFVCK:FLTLDEPMNNITTTLGQTAELHCKVSGNPPPTVRWLKNDAPVVQEPRRISFRATSYGSRLRIRNLDTTDTGYFQCVATNGRKTVSTTGVLFVKFGPPPTASPGSSDEYEEDGFCQPYRGIACARFIGNRTIYMESLHMQGEIENQITAAFTMIGTSSHLSDKCSQFAIPSLCHYAFPYCDETSPAPKPRDLCRDECEILENVLCQTEYIFARSNPMILMRLKLPNCEDLPQPDSPEAVNCIRIGIPMADPINKNHKCYNSTGVDYRGTVSVTRSGRQCQPWNSQYPHTHTFTAIRYPELNGGHSYCRNPGNQKDAPWCFTLDENFKSEICDVPACD
Q9YGX6_CHICK_and_A0A8V1A1G5_CHICK,SQLAGLSQGQKKLCQLYQDHMQFIGEGAKTGIKECQYQFRHRRWNCSTVDNNSVFGRVMQIGSRETAFTYAVSAAGVVNAMSRACREGELSSCGCSRAARPKDLPRDWLWGGCGDNIEYGYRFAKEFVDARERERVYQRGSYESARIMMNLHNNEAGRRTVYNLADVACKCHGVSGSCSLKTCWLQLADFRKVGDALKEKYDSAAAMKLNSRGKLVQMNSRFNAPTIHDLIYIDPSPDYCMRNESTGSLGTQGRLCNKTSEGMDGCELMCCGRGYDQFKTVQRERCHCKFHWCCYVKCKLCTEIVDQFVCK:FLTLDEPMNNITTTLGQTAELHCKVSGNPPPTVRWLKNDAPVVQEPRRISFRATSYGSRLRIRNLDTTDTGYFQCVATNGRKTVSTTGVLFVKFGPPPTASPGSSDEYEEDGFCQPYRGIACARFIGNRTIYMESLHMQGEIENQITAAFTMIGTSSHLSDKCSQFAIPSLCHYAFPYCDETSPAPKPRDLCRDECEILENVLCQTEYIFARSNPMILMRLKLPNCEDLPQPDSPEAVNCIRIGIPMADPINKNHKCYNSTGVDYRGTVSVTRSGRQCQPWNSQYPHTHTFTAIRYPELNGGHSYCRNPGNQKDAPWCFTLDENFKSEICDVPACD
Q9YGX6_CHICK_and_A0A8V1A4Y2_CHICK,SQLAGLSQGQKKLCQLYQDHMQFIGEGAKTGIKECQYQFRHRRWNCSTVDNNSVFGRVMQIGSRETAFTYAVSAAGVVNAMSRACREGELSSCGCSRAARPKDLPRDWLWGGCGDNIEYGYRFAKEFVDARERERVYQRGSYESARIMMNLHNNEAGRRTVYNLADVACKCHGVSGSCSLKTCWLQLADFRKVGDALKEKYDSAAAMKLNSRGKLVQMNSRFNAPTIHDLIYIDPSPDYCMRNESTGSLGTQGRLCNKTSEGMDGCELMCCGRGYDQFKTVQRERCHCKFHWCCYVKCKLCTEIVDQFVCK:FLTLDEPMNNITTTLGQTAELHCKVSGNPPPTVRWLKNDAPVVQEPRRISFRATSYGSRLRIRNLDTTDTGYFQCVATNGRKTVSTTGVLFVKFGPPPTASPGSSDEYEEDGFCQPYRGIACARFIGNRTIYMESLHMQGEIENQITAAFTMIGTSSHLSDKCSQFAIPSLCHYAFPYCDETSPAPKPRDLCRDECEILENVLCQTEYIFARSNPMILMRLKLPNCEDLPQPDSPEAVNCIRIGIPMADPINKNHKCYNSTGVDYRGTVSVTRSGRQCQPWNSQYPHTHTFTAIRYPELNGGHSYCRNPGNQKDAPWCFTLDENFKSEICDVPACD
Q9YGX6_CHICK_and_Q705C2_CHICK,SQLAGLSQGQKKLCQLYQDHMQFIGEGAKTGIKECQYQFRHRRWNCSTVDNNSVFGRVMQIGSRETAFTYAVSAAGVVNAMSRACREGELSSCGCSRAARPKDLPRDWLWGGCGDNIEYGYRFAKEFVDARERERVYQRGSYESARIMMNLHNNEAGRRTVYNLADVACKCHGVSGSCSLKTCWLQLADFRKVGDALKEKYDSAAAMKLNSRGKLVQMNSRFNAPTIHDLIYIDPSPDYCMRNESTGSLGTQGRLCNKTSEGMDGCELMCCGRGYDQFKTVQRERCHCKFHWCCYVKCKLCTEIVDQFVCK:FLTLDEPMNNITTTLGQTAELHCKVSGNPPPTVRWLKNDAPVVQEPRRISFRATSYGSRLRIRNLDTTDTGYFQCVATNGRKTVSTTGVLFVKFGPPPTASPGSSDEYEEDGFCQPYRGIACARFIGNRTIYMESLHMQGEIENQITAAFTMIGTSSHLSDKCSQFAIPSLCHYAFPYCDETSPAPKPRDLCRDECEILENVLCQTEYIFARSNPMILMRLKLPNCEDLXQPDSPEAVNCIRIGIXMADPINEXHKCYNSTGVDYRGTVSVTRSGRQCQPWNSQYPHTHTFTAIRYPELNGGHSYCRNPGNQKDAPWCFTLDENFKSEICDVPACD
Q9YGX6_CHICK_and_A0A8V0Y3V6_CHICK,SQLAGLSQGQKKLCQLYQDHMQFIGEGAKTGIKECQYQFRHRRWNCSTVDNNSVFGRVMQIGSRETAFTYAVSAAGVVNAMSRACREGELSSCGCSRAARPKDLPRDWLWGGCGDNIEYGYRFAKEFVDARERERVYQRGSYESARIMMNLHNNEAGRRTVYNLADVACKCHGVSGSCSLKTCWLQLADFRKVGDALKEKYDSAAAMKLNSRGKLVQMNSRFNAPTIHDLIYIDPSPDYCMRNESTGSLGTQGRLCNKTSEGMDGCELMCCGRGYDQFKTVQRERCHCKFHWCCYVKCKLCTEIVDQFVCK:FLTFLEPVNNITIVQGQTAILHCKVAGNPSPNVRWLKNDAPVVQEPRRIIIRKTDYGSRLRIQDLDTTDTGYYQCVASNGMKTITATGVLFVRLGPTNSPNHNLQEDYHGDGFCQPYRGIACARIIGNRTIYVDSLQMQGEIENRITAAFTMIGTSTHLSDQCSQFAIPSFCHFVFPLCDERSRTPKPRELCRDECEVLENDLCRQEYNIARSNPLILMQLQLPKCEDLPRPDTLEAANCIRIGIPVERLSRYHQCYNGSGADYRGTVSVTKSGHICQHWDSQSPHNHDLTSTQFPELGGGHAYCRNPGGQMDGPWCFTKNKNVRMELCDIPSCS
Q9YGX6_CHICK_and_A0SVH2_CHICK,SQLAGLSQGQKKLCQLYQDHMQFIGEGAKTGIKECQYQFRHRRWNCSTVDNNSVFGRVMQIGSRETAFTYAVSAAGVVNAMSRACREGELSSCGCSRAARPKDLPRDWLWGGCGDNIEYGYRFAKEFVDARERERVYQRGSYESARIMMNLHNNEAGRRTVYNLADVACKCHGVSGSCSLKTCWLQLADFRKVGDALKEKYDSAAAMKLNSRGKLVQMNSRFNAPTIHDLIYIDPSPDYCMRNESTGSLGTQGRLCNKTSEGMDGCELMCCGRGYDQFKTVQRERCHCKFHWCCYVKCKLCTEIVDQFVCK:FLTFLEPVNNITIVQGQTAILHCKVAGNPSPNVRWLKNDAPVVQEPRRIIIRKTDYGSRLRIQDLDTTDTGYYQCVASNGMKTITATGVLFVRLGPTNSPNHNLQEDYHGDGFCQPYRGIACARIIGNRTIYVDSLQMQGEIENRITAAFTMIGTSTHLSDQCSQFAIPSFCHFVFPLCDERSRTPKPRELCRDECEVLENDLCRQEYNIARSNPLILMQLQLPKCEDLPRPDTLEAANCIRIGIPVERLSRYHQCYNGSGADYRGTVSVTKSGHICQHWDSQSPHNHDLTSTQFPELGGGHAYCRNPGGQMDGPWCFTKNKNVRMELCDIPSCS
A0A4W3GWD7_CALMI_and_A0A4W3IR10_CALMI,SQLAGLSQGQKKLCQLYQDHMQYIGEGAKTGIKECQHQFRHRRWNCSTVDNTSVFGRVMQIGSRETAFTYGISAAGVVHAISRACREGELATCGCSRAGRPKDLPRDWLWGGCGDNVEYGYRFAKEFVDAREREKIYQKGTYDSARTLMNLHNNEAGRRTVYNLADLACKCHGVSGSCSLKTCWLQLADFRKVGDGLKEKYDSAAAMKLNSRGKLVQVNSRFNPPTTLDLVYIDQSPDYCVRNESTGSLGTQSRLCNKTSEGMDGCELMCCGRGYDQFKMQRTERCHCKFHWCCYVKCRKCTEEVDQFVCK:FLTLHEPMNNITTSLGQTAELYCKVSGNPAPSIRWLKNDAPVVQEPRRISYRITTYGSRLRIRNLDTTDTGYFQCVATNGRKSVSTTGVLFVKFGPPPTPNSGKSTQVIYEEDGFCQPYRGIACARFIANRSIYVDSLQMQGEIENQITAAFTMIGTSNHLTDRCSQFAIPSLCHFAFPYCEETSGLPKPRDLCRDECEILENDLCKAEYIFARSNPLILMRLKLPNCEDLPLPDSPEASTCMRIGIPMAEPINKNHKCFNSSGLEYRGTVSMTRSGRQCQPWNSQYPHSHSFAAGRYPELNGGHSYCRNPGNHRDGPWCFTLDEAVKMELCEIPLCD
A0A8V1AG56_CHICK_and_A0A8V0ZXD9_CHICK,SQLAGLSQGQKKLCQLYQDHMQFIGEGAKTGIKECQYQFRHRRWNCSTVDNNSVFGRVMQIGSRETAFTYAVSAAGVVNAMSRACREGELSSCGCSRAARPKDLPRDWLWGGCGDNIEYGYRFAKEFVDARERERVYQRGSYESARIMMNLHNNEAGRRTVYNLADVACKCHGVSGSCSLKTCWLQLADFRKVGDALKEKYDSAAAMKLNSRGKLVQMNSRFNAPTIHDLIYIDPSPDYCMRNESTGSLGTQGRLCNKTSEGMDGCELMCCGRGYDQFKTVQRERCHCKFHWCCYVKCKLCTEIVDQFVCK:FLTLDEPMNNITTTLGQTAELHCKVSGNPPPTVRWLKNDAPVVQEPRRISFRATSYGSRLRIRNLDTTDTGYFQCVATNGRKTVSTTGVLFVKFGPPPTASPGSSDEYEEDGFCQPYRGIACARFIGNRTIYMESLHMQGEIENQITAAFTMIGTSSHLSDKCSQFAIPSLCHYAFPYCDETSPAPKPRDLCRDECEILENVLCQTEYIFARSNPMILMRLKLPNCEDLPQPDSPEAVNCIRIGIPMADPINKNHKCYNSTGVDYRGTVSVTRSGRQCQPWNSQYPHTHTFTAIRYPELNGGHSYCRNPGNQKDAPWCFTLDENFKSEICDVPACD
A0A8V1AG56_CHICK_and_A0A8V0ZZK7_CHICK,SQLAGLSQGQKKLCQLYQDHMQFIGEGAKTGIKECQYQFRHRRWNCSTVDNNSVFGRVMQIGSRETAFTYAVSAAGVVNAMSRACREGELSSCGCSRAARPKDLPRDWLWGGCGDNIEYGYRFAKEFVDARERERVYQRGSYESARIMMNLHNNEAGRRTVYNLADVACKCHGVSGSCSLKTCWLQLADFRKVGDALKEKYDSAAAMKLNSRGKLVQMNSRFNAPTIHDLIYIDPSPDYCMRNESTGSLGTQGRLCNKTSEGMDGCELMCCGRGYDQFKTVQRERCHCKFHWCCYVKCKLCTEIVDQFVCK:FLTLDEPMNNITTTLGQTAELHCKVSGNPPPTVRWLKNDAPVVQEPRRISFRATSYGSRLRIRNLDTTDTGYFQCVATNGRKTVSTTGVLFVKFGPPPTASPGSSDEYEEDGFCQPYRGIACARFIGNRTIYMESLHMQGEIENQITAAFTMIGTSSHLSDKCSQFAIPSLCHYAFPYCDETSPAPKPRDLCRDECEILENVLCQTEYIFARSNPMILMRLKLPNCEDLPQPDSPEAVNCIRIGIPMADPINKNHKCYNSTGVDYRGTVSVTRSGRQCQPWNSQYPHTHTFTAIRYPELNGGHSYCRNPGNQKDAPWCFTLDENFKSEICDVPACD
A0A8V1AG56_CHICK_and_A0A8V0ZZL2_CHICK,SQLAGLSQGQKKLCQLYQDHMQFIGEGAKTGIKECQYQFRHRRWNCSTVDNNSVFGRVMQIGSRETAFTYAVSAAGVVNAMSRACREGELSSCGCSRAARPKDLPRDWLWGGCGDNIEYGYRFAKEFVDARERERVYQRGSYESARIMMNLHNNEAGRRTVYNLADVACKCHGVSGSCSLKTCWLQLADFRKVGDALKEKYDSAAAMKLNSRGKLVQMNSRFNAPTIHDLIYIDPSPDYCMRNESTGSLGTQGRLCNKTSEGMDGCELMCCGRGYDQFKTVQRERCHCKFHWCCYVKCKLCTEIVDQFVCK:FLTLDEPMNNITTTLGQTAELHCKVSGNPPPTVRWLKNDAPVVQEPRRISFRATSYGSRLRIRNLDTTDTGYFQCVATNGRKTVSTTGVLFVKFGPPPTASPGSSDEYEEDGFCQPYRGIACARFIGNRTIYMESLHMQGEIENQITAAFTMIGTSSHLSDKCSQFAIPSLCHYAFPYCDETSPAPKPRDLCRDECEILENVLCQTEYIFARSNPMILMRLKLPNCEDLPQPDSPEAVNCIRIGIPMADPINKNHKCYNSTGVDYRGTVSVTRSGRQCQPWNSQYPHTHTFTAIRYPELNGGHSYCRNPGNQKDAPWCFTLDENFKSEICDVPACD
A0A8V1AG56_CHICK_and_A0A8V1A1G5_CHICK,SQLAGLSQGQKKLCQLYQDHMQFIGEGAKTGIKECQYQFRHRRWNCSTVDNNSVFGRVMQIGSRETAFTYAVSAAGVVNAMSRACREGELSSCGCSRAARPKDLPRDWLWGGCGDNIEYGYRFAKEFVDARERERVYQRGSYESARIMMNLHNNEAGRRTVYNLADVACKCHGVSGSCSLKTCWLQLADFRKVGDALKEKYDSAAAMKLNSRGKLVQMNSRFNAPTIHDLIYIDPSPDYCMRNESTGSLGTQGRLCNKTSEGMDGCELMCCGRGYDQFKTVQRERCHCKFHWCCYVKCKLCTEIVDQFVCK:FLTLDEPMNNITTTLGQTAELHCKVSGNPPPTVRWLKNDAPVVQEPRRISFRATSYGSRLRIRNLDTTDTGYFQCVATNGRKTVSTTGVLFVKFGPPPTASPGSSDEYEEDGFCQPYRGIACARFIGNRTIYMESLHMQGEIENQITAAFTMIGTSSHLSDKCSQFAIPSLCHYAFPYCDETSPAPKPRDLCRDECEILENVLCQTEYIFARSNPMILMRLKLPNCEDLPQPDSPEAVNCIRIGIPMADPINKNHKCYNSTGVDYRGTVSVTRSGRQCQPWNSQYPHTHTFTAIRYPELNGGHSYCRNPGNQKDAPWCFTLDENFKSEICDVPACD
A0A8V1AG56_CHICK_and_A0A8V1A4Y2_CHICK,SQLAGLSQGQKKLCQLYQDHMQFIGEGAKTGIKECQYQFRHRRWNCSTVDNNSVFGRVMQIGSRETAFTYAVSAAGVVNAMSRACREGELSSCGCSRAARPKDLPRDWLWGGCGDNIEYGYRFAKEFVDARERERVYQRGSYESARIMMNLHNNEAGRRTVYNLADVACKCHGVSGSCSLKTCWLQLADFRKVGDALKEKYDSAAAMKLNSRGKLVQMNSRFNAPTIHDLIYIDPSPDYCMRNESTGSLGTQGRLCNKTSEGMDGCELMCCGRGYDQFKTVQRERCHCKFHWCCYVKCKLCTEIVDQFVCK:FLTLDEPMNNITTTLGQTAELHCKVSGNPPPTVRWLKNDAPVVQEPRRISFRATSYGSRLRIRNLDTTDTGYFQCVATNGRKTVSTTGVLFVKFGPPPTASPGSSDEYEEDGFCQPYRGIACARFIGNRTIYMESLHMQGEIENQITAAFTMIGTSSHLSDKCSQFAIPSLCHYAFPYCDETSPAPKPRDLCRDECEILENVLCQTEYIFARSNPMILMRLKLPNCEDLPQPDSPEAVNCIRIGIPMADPINKNHKCYNSTGVDYRGTVSVTRSGRQCQPWNSQYPHTHTFTAIRYPELNGGHSYCRNPGNQKDAPWCFTLDENFKSEICDVPACD
A0A8V1AG56_CHICK_and_Q705C2_CHICK,SQLAGLSQGQKKLCQLYQDHMQFIGEGAKTGIKECQYQFRHRRWNCSTVDNNSVFGRVMQIGSRETAFTYAVSAAGVVNAMSRACREGELSSCGCSRAARPKDLPRDWLWGGCGDNIEYGYRFAKEFVDARERERVYQRGSYESARIMMNLHNNEAGRRTVYNLADVACKCHGVSGSCSLKTCWLQLADFRKVGDALKEKYDSAAAMKLNSRGKLVQMNSRFNAPTIHDLIYIDPSPDYCMRNESTGSLGTQGRLCNKTSEGMDGCELMCCGRGYDQFKTVQRERCHCKFHWCCYVKCKLCTEIVDQFVCK:FLTLDEPMNNITTTLGQTAELHCKVSGNPPPTVRWLKNDAPVVQEPRRISFRATSYGSRLRIRNLDTTDTGYFQCVATNGRKTVSTTGVLFVKFGPPPTASPGSSDEYEEDGFCQPYRGIACARFIGNRTIYMESLHMQGEIENQITAAFTMIGTSSHLSDKCSQFAIPSLCHYAFPYCDETSPAPKPRDLCRDECEILENVLCQTEYIFARSNPMILMRLKLPNCEDLXQPDSPEAVNCIRIGIXMADPINEXHKCYNSTGVDYRGTVSVTRSGRQCQPWNSQYPHTHTFTAIRYPELNGGHSYCRNPGNQKDAPWCFTLDENFKSEICDVPACD
A0A8V1AG56_CHICK_and_A0A8V0Y3V6_CHICK,SQLAGLSQGQKKLCQLYQDHMQFIGEGAKTGIKECQYQFRHRRWNCSTVDNNSVFGRVMQIGSRETAFTYAVSAAGVVNAMSRACREGELSSCGCSRAARPKDLPRDWLWGGCGDNIEYGYRFAKEFVDARERERVYQRGSYESARIMMNLHNNEAGRRTVYNLADVACKCHGVSGSCSLKTCWLQLADFRKVGDALKEKYDSAAAMKLNSRGKLVQMNSRFNAPTIHDLIYIDPSPDYCMRNESTGSLGTQGRLCNKTSEGMDGCELMCCGRGYDQFKTVQRERCHCKFHWCCYVKCKLCTEIVDQFVCK:FLTFLEPVNNITIVQGQTAILHCKVAGNPSPNVRWLKNDAPVVQEPRRIIIRKTDYGSRLRIQDLDTTDTGYYQCVASNGMKTITATGVLFVRLGPTNSPNHNLQEDYHGDGFCQPYRGIACARIIGNRTIYVDSLQMQGEIENRITAAFTMIGTSTHLSDQCSQFAIPSFCHFVFPLCDERSRTPKPRELCRDECEVLENDLCRQEYNIARSNPLILMQLQLPKCEDLPRPDTLEAANCIRIGIPVERLSRYHQCYNGSGADYRGTVSVTKSGHICQHWDSQSPHNHDLTSTQFPELGGGHAYCRNPGGQMDGPWCFTKNKNVRMELCDIPSCS
A0A8V1AG56_CHICK_and_A0SVH2_CHICK,SQLAGLSQGQKKLCQLYQDHMQFIGEGAKTGIKECQYQFRHRRWNCSTVDNNSVFGRVMQIGSRETAFTYAVSAAGVVNAMSRACREGELSSCGCSRAARPKDLPRDWLWGGCGDNIEYGYRFAKEFVDARERERVYQRGSYESARIMMNLHNNEAGRRTVYNLADVACKCHGVSGSCSLKTCWLQLADFRKVGDALKEKYDSAAAMKLNSRGKLVQMNSRFNAPTIHDLIYIDPSPDYCMRNESTGSLGTQGRLCNKTSEGMDGCELMCCGRGYDQFKTVQRERCHCKFHWCCYVKCKLCTEIVDQFVCK:FLTFLEPVNNITIVQGQTAILHCKVAGNPSPNVRWLKNDAPVVQEPRRIIIRKTDYGSRLRIQDLDTTDTGYYQCVASNGMKTITATGVLFVRLGPTNSPNHNLQEDYHGDGFCQPYRGIACARIIGNRTIYVDSLQMQGEIENRITAAFTMIGTSTHLSDQCSQFAIPSFCHFVFPLCDERSRTPKPRELCRDECEVLENDLCRQEYNIARSNPLILMQLQLPKCEDLPRPDTLEAANCIRIGIPVERLSRYHQCYNGSGADYRGTVSVTKSGHICQHWDSQSPHNHDLTSTQFPELGGGHAYCRNPGGQMDGPWCFTKNKNVRMELCDIPSCS
WNT5B_DANRE_and_F1QKB5_DANRE,SQLTGLSQGQRKLCQLYQDHMVYIGEGAKTGIKECQYQFRQRRWNCSTVDNTSVFGRVMHIGSRETAFTYAVSAAGVVNAVSRACREGELSTCGCSRAARPRDLPRDWLWGGCGDNVNYGYRFAREFVDAREREKNYPRGSVEHARTLMNLQNNEAGRMAVYNLANVACKCHGVSGSCSLKTCWLQLADFRRVGEFLKEKYDSAAAMRINRRGKLELVNNRFNPPTGEDLVYIDPSPDYCLRNETTGSLGTQGRLCNKTSEGMDGCELMCCGRGYDQFKTYKHERCHCKFHWCCYVKCKRCTSLVDQFVCK:FLRLDAPMNNITTSLGQTAELHCHVSGTPSPSVRWLKNDAPVVQEPRRVSYRPTPYGSRLRIKNLDTTDTGYFQCVATNSYGTVSTTGILFVKFDPAPTPLPGRPSPEDFDEEGFCQPYRGIACARFIGNRSIFVDSLQMQGEIETQITAAFTMIGTSNHLSDRCSQFAIPSLCHFAFPTCDRSSGMDKPRDLCKDECEILENDLCKTEYIIARSNPLILKRLKLPKCEDLATLDSPEAANCMRIGIPIAETINKSHKCYNNSGSDYRGTVSVTKSGRQCQPWNSQYPHSHTFLAMRYPELNGGHSYCRNPGNKHDAPWCFTLDEAVRMELCDIPPCD
WNT5B_DANRE_and_E7FCE4_DANRE,SQLTGLSQGQRKLCQLYQDHMVYIGEGAKTGIKECQYQFRQRRWNCSTVDNTSVFGRVMHIGSRETAFTYAVSAAGVVNAVSRACREGELSTCGCSRAARPRDLPRDWLWGGCGDNVNYGYRFAREFVDAREREKNYPRGSVEHARTLMNLQNNEAGRMAVYNLANVACKCHGVSGSCSLKTCWLQLADFRRVGEFLKEKYDSAAAMRINRRGKLELVNNRFNPPTGEDLVYIDPSPDYCLRNETTGSLGTQGRLCNKTSEGMDGCELMCCGRGYDQFKTYKHERCHCKFHWCCYVKCKRCTSLVDQFVCK:YLEFLEQPNNITIVQGQTATLHCKVAGHPRPSIRWLKNDAPVVQEQGRVSIRKTEAGSKLRIQDLDTTDTGYYQCVATNSIKVISATGVLYVRLGNTGQSPAHGAEDSTHEKGFCQPYRGIACARFIGNRSIYVESLQMQGESENRITAAFTMIGTSTQLSDQCSEFAIPSFCYYVFPLCEEGTRGPRRRQLCRDECEALENDLCNAEYTIARSNPLILMQLELPVCSLLPHPGSPDASSCIRIGLPPQYSPPDHSCYNESGGNYKGTVSVTKSGFQCQPWSAQYPHSHHLSPIEYPQLRGGHNFCRNPGGQMESPWCFTLDPNVRVDLCDIPPCN
WNT5B_HUMAN_and_ROR1_HUMAN,SQLPGLSPGQRKLCQLYQEHMAYIGEGAKTGIKECQHQFRQRRWNCSTADNASVFGRVMQIGSRETAFTHAVSAAGVVNAISRACREGELSTCGCSRTARPKDLPRDWLWGGCGDNVEYGYRFAKEFVDAREREKNFAKGSEEQGRVLMNLQNNEAGRRAVYKMADVACKCHGVSGSCSLKTCWLQLAEFRKVGDRLKEKYDSAAAMRVTRKGRLELVNSRFTQPTPEDLVYVDPSPDYCLRNESTGSLGTQGRLCNKTSEGMDGCELMCCGRGYNQFKSVQVERCHCKFHWCCFVRCKKCTEIVDQYICK:YLTLDEPMNNITTSLGQTAELHCKVSGNPPPTIRWFKNDAPVVQEPRRLSFRSTIYGSRLRIRNLDTTDTGYFQCVATNGKEVVSSTGVLFVKFGPPPTASPGYSDEYEEDGFCQPYRGIACARFIGNRTVYMESLHMQGEIENQITAAFTMIGTSSHLSDKCSQFAIPSLCHYAFPYCDETSSVPKPRDLCRDECEILENVLCQTEYIFARSNPMILMRLKLPNCEDLPQPESPEAANCIRIGIPMADPINKNHKCYNSTGVDYRGTVSVTKSGRQCQPWNSQYPHTHTFTALRFPELNGGHSYCRNPGNQKEAPWCFTLDENFKSDLCDIPACD
WNT5B_HUMAN_and_ROR2_HUMAN,SQLPGLSPGQRKLCQLYQEHMAYIGEGAKTGIKECQHQFRQRRWNCSTADNASVFGRVMQIGSRETAFTHAVSAAGVVNAISRACREGELSTCGCSRTARPKDLPRDWLWGGCGDNVEYGYRFAKEFVDAREREKNFAKGSEEQGRVLMNLQNNEAGRRAVYKMADVACKCHGVSGSCSLKTCWLQLAEFRKVGDRLKEKYDSAAAMRVTRKGRLELVNSRFTQPTPEDLVYVDPSPDYCLRNESTGSLGTQGRLCNKTSEGMDGCELMCCGRGYNQFKSVQVERCHCKFHWCCFVRCKKCTEIVDQYICK:FLNFLEPVNNITIVQGQTAILHCKVAGNPPPNVRWLKNDAPVVQEPRRIIIRKTEYGSRLRIQDLDTTDTGYYQCVATNGMKTITATGVLFVRLGPTHSPNHNFQDDYHEDGFCQPYRGIACARFIGNRTIYVDSLQMQGEIENRITAAFTMIGTSTHLSDQCSQFAIPSFCHFVFPLCDARSRTPKPRELCRDECEVLESDLCRQEYTIARSNPLILMRLQLPKCEALPMPESPDAANCMRIGIPAERLGRYHQCYNGSGMDYRGTASTTKSGHQCQPWALQHPHSHHLSSTDFPELGGGHAYCRNPGGQMEGPWCFTQNKNVRMELCDVPSCS
WNT5B_HUMAN_and_A1L4F5_HUMAN,SQLPGLSPGQRKLCQLYQEHMAYIGEGAKTGIKECQHQFRQRRWNCSTADNASVFGRVMQIGSRETAFTHAVSAAGVVNAISRACREGELSTCGCSRTARPKDLPRDWLWGGCGDNVEYGYRFAKEFVDAREREKNFAKGSEEQGRVLMNLQNNEAGRRAVYKMADVACKCHGVSGSCSLKTCWLQLAEFRKVGDRLKEKYDSAAAMRVTRKGRLELVNSRFTQPTPEDLVYVDPSPDYCLRNESTGSLGTQGRLCNKTSEGMDGCELMCCGRGYNQFKSVQVERCHCKFHWCCFVRCKKCTEIVDQYICK:FLNFLEPVNNITIVQGQTAILHCKVAGNPPPNVRWLKNDAPVVQEPRRIIIRKTEYGSRLRIQDLDTTDTGYYQCVATNGMKTITATGVLFVRLGPTHSPNHNFQDDYHEDGFCQPYRGIACARFIGNRTIYVDSLQMQGEIENRITAAFTMIGTSTHLSDQCSQFAIPSFCHFVFPLCDARSRAPKPRELCRDECEVLESDLCRQEYTIARSNPLILMRLQLPKCEALPMPESPDAANCMRIGIPAERLGRYHQCYNGSGMDYRGTASTTKSGHQCQPWALQHPHSHHLSSTDFPELGGGHAYCRNPGGQMEGPWCFTQNKNVRMELCDVPSCS
A0A8M6Z5V6_DANRE_and_F1QKB5_DANRE,SQLTGLSQGQRKLCQLYQDHMVYIGEGAKTGIKECQYQFRQRRWNCSTVDNTSVFGRVMHIGSRETAFTYAVSAAGVVNAVSRACREGELSTCGCSRAARPRDLPRDWLWGGCGDNVNYGYRFAREFVDAREREKNYPRGSVEHARTLMNLQNNEAGRMAVYNLANVACKCHGVSGSCSLKTCWLQLADFRRVGEFLKEKYDSAAAMRINRRGKLELVNNRFNPPTGEDLVYIDPSPDYCLRNETTGSLGTQGRLCNKTSEGMDGCELMCCGRGYDQFKTYKHERCHCKFHWCCYVKCKRCTSLVDQFVCK:FLRLDAPMNNITTSLGQTAELHCHVSGTPSPSVRWLKNDAPVVQEPRRVSYRPTPYGSRLRIKNLDTTDTGYFQCVATNSYGTVSTTGILFVKFDPAPTPLPGRPSPEDFDEEGFCQPYRGIACARFIGNRSIFVDSLQMQGEIETQITAAFTMIGTSNHLSDRCSQFAIPSLCHFAFPTCDRSSGMDKPRDLCKDECEILENDLCKTEYIIARSNPLILKRLKLPKCEDLATLDSPEAANCMRIGIPIAETINKSHKCYNNSGSDYRGTVSVTKSGRQCQPWNSQYPHSHTFLAMRYPELNGGHSYCRNPGNKHDAPWCFTLDEAVRMELCDIPPCD
A0A8M6Z5V6_DANRE_and_E7FCE4_DANRE,SQLTGLSQGQRKLCQLYQDHMVYIGEGAKTGIKECQYQFRQRRWNCSTVDNTSVFGRVMHIGSRETAFTYAVSAAGVVNAVSRACREGELSTCGCSRAARPRDLPRDWLWGGCGDNVNYGYRFAREFVDAREREKNYPRGSVEHARTLMNLQNNEAGRMAVYNLANVACKCHGVSGSCSLKTCWLQLADFRRVGEFLKEKYDSAAAMRINRRGKLELVNNRFNPPTGEDLVYIDPSPDYCLRNETTGSLGTQGRLCNKTSEGMDGCELMCCGRGYDQFKTYKHERCHCKFHWCCYVKCKRCTSLVDQFVCK:YLEFLEQPNNITIVQGQTATLHCKVAGHPRPSIRWLKNDAPVVQEQGRVSIRKTEAGSKLRIQDLDTTDTGYYQCVATNSIKVISATGVLYVRLGNTGQSPAHGAEDSTHEKGFCQPYRGIACARFIGNRSIYVESLQMQGESENRITAAFTMIGTSTQLSDQCSEFAIPSFCYYVFPLCEEGTRGPRRRQLCRDECEALENDLCNAEYTIARSNPLILMQLELPVCSLLPHPGSPDASSCIRIGLPPQYSPPDHSCYNESGGNYKGTVSVTKSGFQCQPWSAQYPHSHHLSPIEYPQLRGGHNFCRNPGGQMESPWCFTLDPNVRVDLCDIPPCN
A0A0R4J1M1_MOUSE_and_ROR1_MOUSE,SQLPGLSPGQRKLCQLYQEHMSYIGEGAKTGIRECQHQFRQRRWNCSTVDNTSVFGRVMQIGSRETAFTYAVSAAGVVNAISRACREGELSTCGCSRAARPKDLPRDWLWGGCGDNVEYGYRFAKEFVDAREREKNFAKGSEEQGRALMNLQNNEAGRRAVYKMADVACKCHGVSGSCSLKTCWLQLAEFRKVGDRLKEKYDSAAAMRITRQGKLELANSRFNQPTPEDLVYVDPSPDYCLRNETTGSLGTQGRLCNKTSEGMDGCELMCCGRGYDRFKSVQVERCHCRFHWCCFVRCKKCTEVVDQYVCK:YLTLDEPMNNITTSLGQTAELHCKVSGNPPPSIRWFKNDAPVVQEPRRISFRATNYGSRLRIRNLDTTDTGYFQCVATNGKKVVSTTGVLFVKFGPPPTASPGSSDEYEEDGFCQPYRGIACARFIGNRTVYMESLHMQGEIENQITAAFTMIGTSSHLSDKCSQFAIPSLCHYAFPYCDETSSVPKPRDLCRDECEVLENVLCQTEYIFARSNPMILMRLKLPNCEDLPQPESPEAANCIRIGIPMADPINKNHKCYNSTGVDYRGTVSVTKSGRQCQPWNSQYPHTHSFTALRFPELNGGHSYCRNPGNQKEAPWCFTLDENFKSDLCDIPACD
A0A0R4J1M1_MOUSE_and_Q8BNP9_MOUSE,SQLPGLSPGQRKLCQLYQEHMSYIGEGAKTGIRECQHQFRQRRWNCSTVDNTSVFGRVMQIGSRETAFTYAVSAAGVVNAISRACREGELSTCGCSRAARPKDLPRDWLWGGCGDNVEYGYRFAKEFVDAREREKNFAKGSEEQGRALMNLQNNEAGRRAVYKMADVACKCHGVSGSCSLKTCWLQLAEFRKVGDRLKEKYDSAAAMRITRQGKLELANSRFNQPTPEDLVYVDPSPDYCLRNETTGSLGTQGRLCNKTSEGMDGCELMCCGRGYDRFKSVQVERCHCRFHWCCFVRCKKCTEVVDQYVCK:YLTLDEPMNNITTSLGQTAELHCKVSGNPPPSIRWFKNDAPVVQEPRRISFRATNYGSRLRIRNLDTTDTGYFQCVATNGKKVVSTTGVLFVKFGPPPTASPGSSDEYEEDGFCQPYRGIACARFIGNRTVYMESLHMQGEIENQITAAFTMIGTSSHLSDKCSQFAIPSLCHYAFPYCDETSSVPKPRDLCRDECEVLENVLCQTEYIFARSNPMILMRLKLPNCEDLPQPESPEAANCIRIGIPMADPINKNHKCYNSTGVDYRGTVSVTKSGRQCQPWNSQYPHTHSFTALRFPELNGGHSYCRNPGNQKEAPWCFTLDENFKSDLCDIPACD
A0A0R4J1M1_MOUSE_and_ROR2_MOUSE,SQLPGLSPGQRKLCQLYQEHMSYIGEGAKTGIRECQHQFRQRRWNCSTVDNTSVFGRVMQIGSRETAFTYAVSAAGVVNAISRACREGELSTCGCSRAARPKDLPRDWLWGGCGDNVEYGYRFAKEFVDAREREKNFAKGSEEQGRALMNLQNNEAGRRAVYKMADVACKCHGVSGSCSLKTCWLQLAEFRKVGDRLKEKYDSAAAMRITRQGKLELANSRFNQPTPEDLVYVDPSPDYCLRNETTGSLGTQGRLCNKTSEGMDGCELMCCGRGYDRFKSVQVERCHCRFHWCCFVRCKKCTEVVDQYVCK:FLNFLEPVNNITIVQGQTAILHCKVAGNPPPNVRWLKNDAPVVQEPRRVIIRKTEYGSRLRIQDLDTTDTGYYQCVATNGLKTITATGVLYVRLGPTHSPNHNFQDDDQEDGFCQPYRGIACARFIGNRTIYVDSLQMQGEIENRITAAFTMIGTSTQLSDQCSQFAIPSFCHFVFPLCDARSRAPKPRELCRDECEVLENDLCRQEYTIARSNPLILMRLQLPKCEALPMPESPDAANCMRIGIPAERLGRYHQCYNGSGADYRGMASTTKSGHQCQPWALQHPHSHRLSSTEFPELGGGHAYCRNPGGQVEGPWCFTQNKNVRVELCDVPPCS
A0A0R4J1M1_MOUSE_and_Q8C3W2_MOUSE,SQLPGLSPGQRKLCQLYQEHMSYIGEGAKTGIRECQHQFRQRRWNCSTVDNTSVFGRVMQIGSRETAFTYAVSAAGVVNAISRACREGELSTCGCSRAARPKDLPRDWLWGGCGDNVEYGYRFAKEFVDAREREKNFAKGSEEQGRALMNLQNNEAGRRAVYKMADVACKCHGVSGSCSLKTCWLQLAEFRKVGDRLKEKYDSAAAMRITRQGKLELANSRFNQPTPEDLVYVDPSPDYCLRNETTGSLGTQGRLCNKTSEGMDGCELMCCGRGYDRFKSVQVERCHCRFHWCCFVRCKKCTEVVDQYVCK:FLNFLEPVNNITIVQGQTAILHCKVAGNPPPNVRWLKNDAPVVQEPRRVIIRKTEYGSRLRIQDLDTTDTGYYQCVATNGLKTITATGVLYVRLGPTHSPNHNFQDDDQEDGFCQPYRGIACARFIGNRTIYVDSLQMQGEIENRITAAFTMIGTSTQLSDQCSQFAIPSFCHFVFPLCDARSRAPKPRELCRDECEVLENDLCRQEYTIARSNPLILMRLQLPKCEALPMPESPDAANCMRIGIPAERLGRYHQCYNGSGADYRGMASTTKSGHQCQPWALQHPHSHRLSSTEFPELGGGHAYCRNPGGQMEGPWCFTQNKNVRVELCDVPPCS
A0A0R4J1M1_MOUSE_and_Q3TZP9_MOUSE,SQLPGLSPGQRKLCQLYQEHMSYIGEGAKTGIRECQHQFRQRRWNCSTVDNTSVFGRVMQIGSRETAFTYAVSAAGVVNAISRACREGELSTCGCSRAARPKDLPRDWLWGGCGDNVEYGYRFAKEFVDAREREKNFAKGSEEQGRALMNLQNNEAGRRAVYKMADVACKCHGVSGSCSLKTCWLQLAEFRKVGDRLKEKYDSAAAMRITRQGKLELANSRFNQPTPEDLVYVDPSPDYCLRNETTGSLGTQGRLCNKTSEGMDGCELMCCGRGYDRFKSVQVERCHCRFHWCCFVRCKKCTEVVDQYVCK:FLNFLEPVNNITIVQGQTAILHCKVAGNPPPNVRWLKNDAPVVQEPRRVIIRKTEYGSRLRIQDLDTTDTGYYQCVATNGLKTITATGVLYVRLGPTHSPNHNFQDDDQEDGFCQPYRGIACARFIGNRTIYVDSLQMQGEIENRITAAFTMIGTSTQLSDQCSQFAIPSFCHFVFPLCDARSRAPKPRELCRDECEVLENDLCRQEYTIARSNPLILMRLQLPKCEALPMPESPDAANCMRIGIPAERLGRYHQCYNGSGADYRGMASTTKSGHQCQPWALQHPHSHRLSSTEFPELGGGHAYCRNPGGQMEGPWCFTQNKNVRVELCDVPPCS
A0A0R4J1M1_MOUSE_and_Q8BSP6_MOUSE,SQLPGLSPGQRKLCQLYQEHMSYIGEGAKTGIRECQHQFRQRRWNCSTVDNTSVFGRVMQIGSRETAFTYAVSAAGVVNAISRACREGELSTCGCSRAARPKDLPRDWLWGGCGDNVEYGYRFAKEFVDAREREKNFAKGSEEQGRALMNLQNNEAGRRAVYKMADVACKCHGVSGSCSLKTCWLQLAEFRKVGDRLKEKYDSAAAMRITRQGKLELANSRFNQPTPEDLVYVDPSPDYCLRNETTGSLGTQGRLCNKTSEGMDGCELMCCGRGYDRFKSVQVERCHCRFHWCCFVRCKKCTEVVDQYVCK:FLNFLEPVNNITIVQGQTAILHCKVAGNPPPNVRWLKNDAPVVQEPRRVIIRKTEYGSRLRIQDLDTTDTGYYQCVATNGLKTITATGVLYVRLGPTHSPNHNFQDDDQEDGFCQPYRGIACARFIGNRTIYVDSLQMQGEIENRITAAFTMIGTSTQLSDQCSQFAIPSFCHFVFPLCDARSRAPKPRELCRDECEVLENDLCRQEYTIARSNPLILMRLQLPKCEALPMPESPDAANCMRIGIPAERLGRYHQCYNGSGADYRGMASTTKSGHQCQPWALQHPHSHRLSSTEFPELGGGHAYCRNPGGQMEGPWCFTQNKNVRVELCDVPPCS
A0A0R4J1M1_MOUSE_and_E9PUN5_MOUSE,SQLPGLSPGQRKLCQLYQEHMSYIGEGAKTGIRECQHQFRQRRWNCSTVDNTSVFGRVMQIGSRETAFTYAVSAAGVVNAISRACREGELSTCGCSRAARPKDLPRDWLWGGCGDNVEYGYRFAKEFVDAREREKNFAKGSEEQGRALMNLQNNEAGRRAVYKMADVACKCHGVSGSCSLKTCWLQLAEFRKVGDRLKEKYDSAAAMRITRQGKLELANSRFNQPTPEDLVYVDPSPDYCLRNETTGSLGTQGRLCNKTSEGMDGCELMCCGRGYDRFKSVQVERCHCRFHWCCFVRCKKCTEVVDQYVCK:FLNFLEPVNNITIVQGQTAILHCKVAGNPPPNVRWLKNDAPVVQEPRRVIIRKTEYGSRLRIQDLDTTDTGYYQCVATNGLKTITATGVLYVRLGPTHSPNHNFQDDDQEDGFCQPYRGIACARFIGNRTIYVDSLQMQGEIENRITAAFTMIGTSTQLSDQCSQFAIPSFCHFVFPLCDARSRAPKPRELCRDECEVLENDLCRQEYTIARSNPLILMRLQLPKCEALPMPESPDAANCMRIGIPAERLGRYHQCYNGSGADYRGMASTTKSGHQCQPWALQHPHSHRLSSTEFPELGGGHAYCRNPGGQMEGPWCFTQNKNVRVELCDVPPCS
A0A4W3JXK5_CALMI_and_A0A4W3IR10_CALMI,SQLTGLSQGQRKLCQLYQDHMVFIGEGAKTGIKECQYQFRQRRWNCSTVDNTSVFGRVMQIGSRETAFTYSISAAGVVNAISRACREGELSTCGCSRAARPKDLPRDWLWGGCGDNAEYGYRFAKEFVDAREREKNYPKGSLEHSRTLMNLQNNEAGRRAVYNLADVACKCHGVSGSCSLKTCWLQLADFRKVGDLLKEKYDSAAAMKINRKGKLELVNSRFNPPTADDLVYIDQSPDYCVKNETTGSLGTTGRLCNKTSEGMDGCKLMCCGRGYDQFKNTQIERCHCKFHWCCYVKCRKCSKVVDQFVCK:FLTLHEPMNNITTSLGQTAELYCKVSGNPAPSIRWLKNDAPVVQEPRRISYRITTYGSRLRIRNLDTTDTGYFQCVATNGRKSVSTTGVLFVKFGPPPTPNSGKSTQVIYEEDGFCQPYRGIACARFIANRSIYVDSLQMQGEIENQITAAFTMIGTSNHLTDRCSQFAIPSLCHFAFPYCEETSGLPKPRDLCRDECEILENDLCKAEYIFARSNPLILMRLKLPNCEDLPLPDSPEASTCMRIGIPMAEPINKNHKCFNSSGLEYRGTVSMTRSGRQCQPWNSQYPHSHSFAAGRYPELNGGHSYCRNPGNHRDGPWCFTLDEAVKMELCEIPLCD
A0A4W3JZ23_CALMI_and_A0A4W3IR10_CALMI,SQLTGLSQGQRKLCQLYQDHMVFIGEGAKTGIKECQYQFRQRRWNCSTVDNTSVFGRVMQIGSRETAFTYSISAAGVVNAISRACREGELSTCGCSRAARPKDLPRDWLWGGCGDNAEYGYRFAKEFVDAREREKNYPKGSLEHSRTLMNLQNNEAGRRAVYNLADVACKCHGVSGSCSLKTCWLQLADFRKVGDLLKEKYDSAAAMKINRKGKLELVNSRFNPPTADDLVYIDQSPDYCVKNETTGSLGTTGRLCNKTSEGMDGCKLMCCGRGYDQFKNTQIERCHCKFHWCCYVKCRKCSKVVDQFVCK:FLTLHEPMNNITTSLGQTAELYCKVSGNPAPSIRWLKNDAPVVQEPRRISYRITTYGSRLRIRNLDTTDTGYFQCVATNGRKSVSTTGVLFVKFGPPPTPNSGKSTQVIYEEDGFCQPYRGIACARFIANRSIYVDSLQMQGEIENQITAAFTMIGTSNHLTDRCSQFAIPSLCHFAFPYCEETSGLPKPRDLCRDECEILENDLCKAEYIFARSNPLILMRLKLPNCEDLPLPDSPEASTCMRIGIPMAEPINKNHKCFNSSGLEYRGTVSMTRSGRQCQPWNSQYPHSHSFAAGRYPELNGGHSYCRNPGNHRDGPWCFTLDEAVKMELCEIPLCD
A0A4W3JZ28_CALMI_and_A0A4W3IR10_CALMI,SQLTGLSQGQRKLCQLYQDHMVFIGEGAKTGIKECQYQFRQRRWNCSTVDNTSVFGRVMQIGSRETAFTYSISAAGVVNAISRACREGELSTCGCSRAARPKDLPRDWLWGGCGDNAEYGYRFAKEFVDAREREKNYPKGSLEHSRTLMNLQNNEAGRRAVYNLADVACKCHGVSGSCSLKTCWLQLADFRKVGDLLKEKYDSAAAMKINRKGKLELVNSRFNPPTADDLVYIDQSPDYCVKNETTGSLGTTGRLCNKTSEGMDGCKLMCCGRGYDQFKNTQIERCHCKFHWCCYVKCRKCSKVVDQFVCK:FLTLHEPMNNITTSLGQTAELYCKVSGNPAPSIRWLKNDAPVVQEPRRISYRITTYGSRLRIRNLDTTDTGYFQCVATNGRKSVSTTGVLFVKFGPPPTPNSGKSTQVIYEEDGFCQPYRGIACARFIANRSIYVDSLQMQGEIENQITAAFTMIGTSNHLTDRCSQFAIPSLCHFAFPYCEETSGLPKPRDLCRDECEILENDLCKAEYIFARSNPLILMRLKLPNCEDLPLPDSPEASTCMRIGIPMAEPINKNHKCFNSSGLEYRGTVSMTRSGRQCQPWNSQYPHSHSFAAGRYPELNGGHSYCRNPGNHRDGPWCFTLDEAVKMELCEIPLCD
A0A4W3KJE7_CALMI_and_A0A4W3IR10_CALMI,SQLTGLSQGQRKLCQLYQDHMVFIGEGAKTGIKECQYQFRQRRWNCSTVDNTSVFGRVMQIGSRETAFTYSISAAGVVNAISRACREGELSTCGCSRAARPKDLPRDWLWGGCGDNAEYGYRFAKEFVDAREREKNYPKGSLEHSRTLMNLQNNEAGRRAVYNLADVACKCHGVSGSCSLKTCWLQLADFRKVGDLLKEKYDSAAAMKINRKGKLELVNSRFNPPTADDLVYIDQSPDYCVKNETTGSLGTTGRLCNKTSEGMDGCKLMCCGRGYDQFKNTQIERCHCKFHWCCYVKCRKCSKVVDQFVCK:FLTLHEPMNNITTSLGQTAELYCKVSGNPAPSIRWLKNDAPVVQEPRRISYRITTYGSRLRIRNLDTTDTGYFQCVATNGRKSVSTTGVLFVKFGPPPTPNSGKSTQVIYEEDGFCQPYRGIACARFIANRSIYVDSLQMQGEIENQITAAFTMIGTSNHLTDRCSQFAIPSLCHFAFPYCEETSGLPKPRDLCRDECEILENDLCKAEYIFARSNPLILMRLKLPNCEDLPLPDSPEASTCMRIGIPMAEPINKNHKCFNSSGLEYRGTVSMTRSGRQCQPWNSQYPHSHSFAAGRYPELNGGHSYCRNPGNHRDGPWCFTLDEAVKMELCEIPLCD
F1NMK6_CHICK_and_A0A8V0ZXD9_CHICK,SQLPGLSPGQRKLCQLYQEHMVFIGEGARSAIKECQYQFRQRRWNCSTVDNTSVFGRVMKIGSRETAFTYAVSAAGVVNAISRACREGELSSCGCSRTARPKDLPRDWLWGGCGDNVEYGYRFAKEFVDAKEREKNYVRGSEEQARMLMNLQNNEAGRRAVYKLADVACKCHGVSGSCSLKTCWLQLADFRKVGDLLKEKYDSAAAMRISRKGKLELVNNRFNMPTQEDLVYVDPSPDYCLRNETTGSLGTQGRLCNKTSEGMDGCELMCCGRGYDQFKSVQVERCHCKFHWCCYVKCKKCTEIVDQYVCK:FLTLDEPMNNITTTLGQTAELHCKVSGNPPPTVRWLKNDAPVVQEPRRISFRATSYGSRLRIRNLDTTDTGYFQCVATNGRKTVSTTGVLFVKFGPPPTASPGSSDEYEEDGFCQPYRGIACARFIGNRTIYMESLHMQGEIENQITAAFTMIGTSSHLSDKCSQFAIPSLCHYAFPYCDETSPAPKPRDLCRDECEILENVLCQTEYIFARSNPMILMRLKLPNCEDLPQPDSPEAVNCIRIGIPMADPINKNHKCYNSTGVDYRGTVSVTRSGRQCQPWNSQYPHTHTFTAIRYPELNGGHSYCRNPGNQKDAPWCFTLDENFKSEICDVPACD
F1NMK6_CHICK_and_A0A8V0ZZK7_CHICK,SQLPGLSPGQRKLCQLYQEHMVFIGEGARSAIKECQYQFRQRRWNCSTVDNTSVFGRVMKIGSRETAFTYAVSAAGVVNAISRACREGELSSCGCSRTARPKDLPRDWLWGGCGDNVEYGYRFAKEFVDAKEREKNYVRGSEEQARMLMNLQNNEAGRRAVYKLADVACKCHGVSGSCSLKTCWLQLADFRKVGDLLKEKYDSAAAMRISRKGKLELVNNRFNMPTQEDLVYVDPSPDYCLRNETTGSLGTQGRLCNKTSEGMDGCELMCCGRGYDQFKSVQVERCHCKFHWCCYVKCKKCTEIVDQYVCK:FLTLDEPMNNITTTLGQTAELHCKVSGNPPPTVRWLKNDAPVVQEPRRISFRATSYGSRLRIRNLDTTDTGYFQCVATNGRKTVSTTGVLFVKFGPPPTASPGSSDEYEEDGFCQPYRGIACARFIGNRTIYMESLHMQGEIENQITAAFTMIGTSSHLSDKCSQFAIPSLCHYAFPYCDETSPAPKPRDLCRDECEILENVLCQTEYIFARSNPMILMRLKLPNCEDLPQPDSPEAVNCIRIGIPMADPINKNHKCYNSTGVDYRGTVSVTRSGRQCQPWNSQYPHTHTFTAIRYPELNGGHSYCRNPGNQKDAPWCFTLDENFKSEICDVPACD
F1NMK6_CHICK_and_A0A8V0ZZL2_CHICK,SQLPGLSPGQRKLCQLYQEHMVFIGEGARSAIKECQYQFRQRRWNCSTVDNTSVFGRVMKIGSRETAFTYAVSAAGVVNAISRACREGELSSCGCSRTARPKDLPRDWLWGGCGDNVEYGYRFAKEFVDAKEREKNYVRGSEEQARMLMNLQNNEAGRRAVYKLADVACKCHGVSGSCSLKTCWLQLADFRKVGDLLKEKYDSAAAMRISRKGKLELVNNRFNMPTQEDLVYVDPSPDYCLRNETTGSLGTQGRLCNKTSEGMDGCELMCCGRGYDQFKSVQVERCHCKFHWCCYVKCKKCTEIVDQYVCK:FLTLDEPMNNITTTLGQTAELHCKVSGNPPPTVRWLKNDAPVVQEPRRISFRATSYGSRLRIRNLDTTDTGYFQCVATNGRKTVSTTGVLFVKFGPPPTASPGSSDEYEEDGFCQPYRGIACARFIGNRTIYMESLHMQGEIENQITAAFTMIGTSSHLSDKCSQFAIPSLCHYAFPYCDETSPAPKPRDLCRDECEILENVLCQTEYIFARSNPMILMRLKLPNCEDLPQPDSPEAVNCIRIGIPMADPINKNHKCYNSTGVDYRGTVSVTRSGRQCQPWNSQYPHTHTFTAIRYPELNGGHSYCRNPGNQKDAPWCFTLDENFKSEICDVPACD
F1NMK6_CHICK_and_A0A8V1A1G5_CHICK,SQLPGLSPGQRKLCQLYQEHMVFIGEGARSAIKECQYQFRQRRWNCSTVDNTSVFGRVMKIGSRETAFTYAVSAAGVVNAISRACREGELSSCGCSRTARPKDLPRDWLWGGCGDNVEYGYRFAKEFVDAKEREKNYVRGSEEQARMLMNLQNNEAGRRAVYKLADVACKCHGVSGSCSLKTCWLQLADFRKVGDLLKEKYDSAAAMRISRKGKLELVNNRFNMPTQEDLVYVDPSPDYCLRNETTGSLGTQGRLCNKTSEGMDGCELMCCGRGYDQFKSVQVERCHCKFHWCCYVKCKKCTEIVDQYVCK:FLTLDEPMNNITTTLGQTAELHCKVSGNPPPTVRWLKNDAPVVQEPRRISFRATSYGSRLRIRNLDTTDTGYFQCVATNGRKTVSTTGVLFVKFGPPPTASPGSSDEYEEDGFCQPYRGIACARFIGNRTIYMESLHMQGEIENQITAAFTMIGTSSHLSDKCSQFAIPSLCHYAFPYCDETSPAPKPRDLCRDECEILENVLCQTEYIFARSNPMILMRLKLPNCEDLPQPDSPEAVNCIRIGIPMADPINKNHKCYNSTGVDYRGTVSVTRSGRQCQPWNSQYPHTHTFTAIRYPELNGGHSYCRNPGNQKDAPWCFTLDENFKSEICDVPACD
F1NMK6_CHICK_and_A0A8V1A4Y2_CHICK,SQLPGLSPGQRKLCQLYQEHMVFIGEGARSAIKECQYQFRQRRWNCSTVDNTSVFGRVMKIGSRETAFTYAVSAAGVVNAISRACREGELSSCGCSRTARPKDLPRDWLWGGCGDNVEYGYRFAKEFVDAKEREKNYVRGSEEQARMLMNLQNNEAGRRAVYKLADVACKCHGVSGSCSLKTCWLQLADFRKVGDLLKEKYDSAAAMRISRKGKLELVNNRFNMPTQEDLVYVDPSPDYCLRNETTGSLGTQGRLCNKTSEGMDGCELMCCGRGYDQFKSVQVERCHCKFHWCCYVKCKKCTEIVDQYVCK:FLTLDEPMNNITTTLGQTAELHCKVSGNPPPTVRWLKNDAPVVQEPRRISFRATSYGSRLRIRNLDTTDTGYFQCVATNGRKTVSTTGVLFVKFGPPPTASPGSSDEYEEDGFCQPYRGIACARFIGNRTIYMESLHMQGEIENQITAAFTMIGTSSHLSDKCSQFAIPSLCHYAFPYCDETSPAPKPRDLCRDECEILENVLCQTEYIFARSNPMILMRLKLPNCEDLPQPDSPEAVNCIRIGIPMADPINKNHKCYNSTGVDYRGTVSVTRSGRQCQPWNSQYPHTHTFTAIRYPELNGGHSYCRNPGNQKDAPWCFTLDENFKSEICDVPACD
F1NMK6_CHICK_and_Q705C2_CHICK,SQLPGLSPGQRKLCQLYQEHMVFIGEGARSAIKECQYQFRQRRWNCSTVDNTSVFGRVMKIGSRETAFTYAVSAAGVVNAISRACREGELSSCGCSRTARPKDLPRDWLWGGCGDNVEYGYRFAKEFVDAKEREKNYVRGSEEQARMLMNLQNNEAGRRAVYKLADVACKCHGVSGSCSLKTCWLQLADFRKVGDLLKEKYDSAAAMRISRKGKLELVNNRFNMPTQEDLVYVDPSPDYCLRNETTGSLGTQGRLCNKTSEGMDGCELMCCGRGYDQFKSVQVERCHCKFHWCCYVKCKKCTEIVDQYVCK:FLTLDEPMNNITTTLGQTAELHCKVSGNPPPTVRWLKNDAPVVQEPRRISFRATSYGSRLRIRNLDTTDTGYFQCVATNGRKTVSTTGVLFVKFGPPPTASPGSSDEYEEDGFCQPYRGIACARFIGNRTIYMESLHMQGEIENQITAAFTMIGTSSHLSDKCSQFAIPSLCHYAFPYCDETSPAPKPRDLCRDECEILENVLCQTEYIFARSNPMILMRLKLPNCEDLXQPDSPEAVNCIRIGIXMADPINEXHKCYNSTGVDYRGTVSVTRSGRQCQPWNSQYPHTHTFTAIRYPELNGGHSYCRNPGNQKDAPWCFTLDENFKSEICDVPACD
F1NMK6_CHICK_and_A0A8V0Y3V6_CHICK,SQLPGLSPGQRKLCQLYQEHMVFIGEGARSAIKECQYQFRQRRWNCSTVDNTSVFGRVMKIGSRETAFTYAVSAAGVVNAISRACREGELSSCGCSRTARPKDLPRDWLWGGCGDNVEYGYRFAKEFVDAKEREKNYVRGSEEQARMLMNLQNNEAGRRAVYKLADVACKCHGVSGSCSLKTCWLQLADFRKVGDLLKEKYDSAAAMRISRKGKLELVNNRFNMPTQEDLVYVDPSPDYCLRNETTGSLGTQGRLCNKTSEGMDGCELMCCGRGYDQFKSVQVERCHCKFHWCCYVKCKKCTEIVDQYVCK:FLTFLEPVNNITIVQGQTAILHCKVAGNPSPNVRWLKNDAPVVQEPRRIIIRKTDYGSRLRIQDLDTTDTGYYQCVASNGMKTITATGVLFVRLGPTNSPNHNLQEDYHGDGFCQPYRGIACARIIGNRTIYVDSLQMQGEIENRITAAFTMIGTSTHLSDQCSQFAIPSFCHFVFPLCDERSRTPKPRELCRDECEVLENDLCRQEYNIARSNPLILMQLQLPKCEDLPRPDTLEAANCIRIGIPVERLSRYHQCYNGSGADYRGTVSVTKSGHICQHWDSQSPHNHDLTSTQFPELGGGHAYCRNPGGQMDGPWCFTKNKNVRMELCDIPSCS
F1NMK6_CHICK_and_A0SVH2_CHICK,SQLPGLSPGQRKLCQLYQEHMVFIGEGARSAIKECQYQFRQRRWNCSTVDNTSVFGRVMKIGSRETAFTYAVSAAGVVNAISRACREGELSSCGCSRTARPKDLPRDWLWGGCGDNVEYGYRFAKEFVDAKEREKNYVRGSEEQARMLMNLQNNEAGRRAVYKLADVACKCHGVSGSCSLKTCWLQLADFRKVGDLLKEKYDSAAAMRISRKGKLELVNNRFNMPTQEDLVYVDPSPDYCLRNETTGSLGTQGRLCNKTSEGMDGCELMCCGRGYDQFKSVQVERCHCKFHWCCYVKCKKCTEIVDQYVCK:FLTFLEPVNNITIVQGQTAILHCKVAGNPSPNVRWLKNDAPVVQEPRRIIIRKTDYGSRLRIQDLDTTDTGYYQCVASNGMKTITATGVLFVRLGPTNSPNHNLQEDYHGDGFCQPYRGIACARIIGNRTIYVDSLQMQGEIENRITAAFTMIGTSTHLSDQCSQFAIPSFCHFVFPLCDERSRTPKPRELCRDECEVLENDLCRQEYNIARSNPLILMQLQLPKCEDLPRPDTLEAANCIRIGIPVERLSRYHQCYNGSGADYRGTVSVTKSGHICQHWDSQSPHNHDLTSTQFPELGGGHAYCRNPGGQMDGPWCFTKNKNVRMELCDIPSCS
V9KXD7_CALMI_and_A0A4W3IR10_CALMI,SQLTGLSQGQRKLCQLYQDHMVFIGEGAKTGIKECQYQFRQRRWNCSTVDNTSVFGRVMQIGSRETAFTYSISAAGVVNAISRACREGELSTCGCSRAARPKDLPRDWLWGGCGDNAEYGYRFAKEFVDAREREKNYPKGSLEHSRTLMNLQNNEAGRRAVYNLADVACKCHGVSGSCSLKTCWLQLADFRKVGDLLKEKYDSAAAMKINRKGKLELVNSRFNPPTADDLVYIDQSPDYCVKNETTGSLGTTGRLCNKTSEGMDGCKLMCCGRGYDQFKNTQIERCHCKFHWCCYVKCRKCSKVVDQFVCK:FLTLHEPMNNITTSLGQTAELYCKVSGNPAPSIRWLKNDAPVVQEPRRISYRITTYGSRLRIRNLDTTDTGYFQCVATNGRKSVSTTGVLFVKFGPPPTPNSGKSTQVIYEEDGFCQPYRGIACARFIANRSIYVDSLQMQGEIENQITAAFTMIGTSNHLTDRCSQFAIPSLCHFAFPYCEETSGLPKPRDLCRDECEILENDLCKAEYIFARSNPLILMRLKLPNCEDLPLPDSPEASTCMRIGIPMAEPINKNHKCFNSSGLEYRGTVSMTRSGRQCQPWNSQYPHSHSFAAGRYPELNGGHSYCRNPGNHRDGPWCFTLDEAVKMELCEIPLCD
WNT5_DROME_and_ROR1_DROME,KRKNQRAAADAPAYPRNGIKESYKDGGILPRSTATVKARSLMNLHNNEAGRRAVIKKARITCKCHGVSGSCSLITCWQQLSSIREIGDYLREKYEGATKVKINKRGRLQIKDLQFKVPTAHDLIYLDESPDWCRNSYALHWPGTHGRVCHKNSSGLESCAILCCGRGYNTKNIIVNERCNCKFHWCCQVKCEVCTKVLEEHTCK:ICHIYNGTICRDVLSNAHVFVSPNLTMNDLEERLKAAYGVIKESKDMNANCRMYALPSLCFSSMPICRTPERTNLLYFANVATNAKQLKNVSIRRKRTKSKDIKNISIFKKKSTIYEDVFSTDISSKYPPTRESENLKRICREECELLENELCQKEYAIAKRHPVIGMVGVEDCQKLPQHKDCLSLGITIEVDKTENCYWEDGSTYRGVANVSASGKPCLRWSWLMKEISDFPELIGQNYCRNPGSVENSPWCFVDSSRERIIELCDIPKCA
WNT5_DROME_and_ROR2_DROME,KRKNQRAAADAPAYPRNGIKESYKDGGILPRSTATVKARSLMNLHNNEAGRRAVIKKARITCKCHGVSGSCSLITCWQQLSSIREIGDYLREKYEGATKVKINKRGRLQIKDLQFKVPTAHDLIYLDESPDWCRNSYALHWPGTHGRVCHKNSSGLESCAILCCGRGYNTKNIIVNERCNCKFHWCCQVKCEVCTKVLEEHTCK:YCAPYSGKVCKEYLTGQVWYSLEDPTGGWKNEQVTTALWDELISDLTGLCREAAEKMLCAYAFPNCHMEGGRAVKAPLCFEDCQATHLQFCYNDWVLIEEKKERNMFIKSRGHFRLPNCSSLPHYNASMRRPNCSYIGLTELKESEVSYDCRNGNGRFYMGTMNVSKSGIPCQRWDTQYPHKHFQPPLVFHQLLEGENYCRNAGGEEPHPWCYTVDESVRWQHCDIPMCP
A0A803JJ83_XENTR_and_A0A6I8QGM9_XENTR,SQLSGLSQGQKKLCQLYQDHMQFIGEGAKTGIKECQYQFRHRRWNCSTVDNTSVFGRVMQIGSRETAFTYAISAAGVVNAVSRACREGELSTCGCSRAARPKDLPRDWLWGGCGDNLDYGYRFAKEFVDAREREKIYQKGSYESSRLLMNLHNNEAGRRAVSTLADVACKCHGVSGSCSLKTCWLQLADFRKVGDLLKEKYDSAAAMKLNTRGKLVQVNNKFNSPTMNDLIYIDPSPDYCVHNESTGSLGTQGRLCNKTSEGMDGCELMCCGRGYDQFKTVQTERCHCKFHWCCYVKCKKCTEVVDQFACK:YLQLDEPMNNITTSLGQTAELHCKVSGNPSPTIRWLKNDAPVVQEPRRISFRTTNYGSRLRIRNLDTTDTGYFQCVATNGRKTVSTTGVLFVKFGPPPTASPGSVDDEEDGYCQPYRGIACARFILNHTIYVESLHMQGEIENQITAAFTMIGTSSHLSDKCSQFAIPSLCHYAFPYCDENAPHSSPKPRDLCRDECEILENVLCQAEYIFARSNPMILMRLKLPNCEDLPLPDSLEARNCIRIGIPMTEPINKNHKCYNNTGVDYRGTVSATKSGRQCQPWNSNHPHTHTFNAIRYPELNGGHSYCRNPGNQREAPWCFTLDENVKYELCDIPACD
A0A803JJ83_XENTR_and_A0A6I8RQP3_XENTR,SQLSGLSQGQKKLCQLYQDHMQFIGEGAKTGIKECQYQFRHRRWNCSTVDNTSVFGRVMQIGSRETAFTYAISAAGVVNAVSRACREGELSTCGCSRAARPKDLPRDWLWGGCGDNLDYGYRFAKEFVDAREREKIYQKGSYESSRLLMNLHNNEAGRRAVSTLADVACKCHGVSGSCSLKTCWLQLADFRKVGDLLKEKYDSAAAMKLNTRGKLVQVNNKFNSPTMNDLIYIDPSPDYCVHNESTGSLGTQGRLCNKTSEGMDGCELMCCGRGYDQFKTVQTERCHCKFHWCCYVKCKKCTEVVDQFACK:YLQLDEPMNNITTSLGQTAELHCKVSGNPSPTIRWLKNDAPVVQEPRRISFRTTNYGSRLRIRNLDTTDTGYFQCVATNGRKTVSTTGVLFVKFGPPPTASPGSVDDEEDGYCQPYRGIACARFILNHTIYVESLHMQGEIENQITAAFTMIGTSSHLSDKCSQFAIPSLCHYAFPYCDENAPHSSPKPRDLCRDECEILENVLCQAEYIFARSNPMILMRLKLPNCEDLPLPDSLEARNCIRIGIPMTEPINKNHKCYNNTGVDYRGTVSATKSGRQCQPWNSNHPHTHTFNAIRYPELNGGHSYCRNPGNQREAPWCFTLDENVKYELCDIPACD
A0A803JJ83_XENTR_and_A0A6I8SZJ2_XENTR,SQLSGLSQGQKKLCQLYQDHMQFIGEGAKTGIKECQYQFRHRRWNCSTVDNTSVFGRVMQIGSRETAFTYAISAAGVVNAVSRACREGELSTCGCSRAARPKDLPRDWLWGGCGDNLDYGYRFAKEFVDAREREKIYQKGSYESSRLLMNLHNNEAGRRAVSTLADVACKCHGVSGSCSLKTCWLQLADFRKVGDLLKEKYDSAAAMKLNTRGKLVQVNNKFNSPTMNDLIYIDPSPDYCVHNESTGSLGTQGRLCNKTSEGMDGCELMCCGRGYDQFKTVQTERCHCKFHWCCYVKCKKCTEVVDQFACK:YLQLDEPMNNITTSLGQTAELHCKVSGNPSPTIRWLKNDAPVVQEPRRISFRTTNYGSRLRIRNLDTTDTGYFQCVATNGRKTVSTTGVLFVKFGPPPTASPGSVDDEEDGYCQPYRGIACARFILNHTIYVESLHMQGEIENQITAAFTMIGTSSHLSDKCSQFAIPSLCHYAFPYCDENAPHSSPKPRDLCRDECEILENVLCQAEYIFARSNPMILMRLKLPNCEDLPLPDSLEARNCIRIGIPMTEPINKNHKCYNNTGVDYRGTVSATKSGRQCQPWNSNHPHTHTFNAIRYPELNGGHSYCRNPGNQREAPWCFTLDENVKYELCDIPACD
A0A803JJ83_XENTR_and_A0A6I8SEC5_XENTR,SQLSGLSQGQKKLCQLYQDHMQFIGEGAKTGIKECQYQFRHRRWNCSTVDNTSVFGRVMQIGSRETAFTYAISAAGVVNAVSRACREGELSTCGCSRAARPKDLPRDWLWGGCGDNLDYGYRFAKEFVDAREREKIYQKGSYESSRLLMNLHNNEAGRRAVSTLADVACKCHGVSGSCSLKTCWLQLADFRKVGDLLKEKYDSAAAMKLNTRGKLVQVNNKFNSPTMNDLIYIDPSPDYCVHNESTGSLGTQGRLCNKTSEGMDGCELMCCGRGYDQFKTVQTERCHCKFHWCCYVKCKKCTEVVDQFACK:YLQLDEPMNNITTSLGQTAELHCKVSGNPSPTIRWLKNDAPVVQEPRRISFRTTNYGSRLRIRNLDTTDTGYFQCVATNGRKTVSTTGVLFVKFGPPPTASPGSVDDEEDGYCQPYRGIACARFILNHTIYVESLHMQGEIENQITAAFTMIGTSSHLSDKCSQFAIPSLCHYAFPYCDENAPHSSPKPRDLCRDECEILENVLCQAEYIFARSNPMILMRLKLPNCEDLPLPDSLEARNCIRIGIPMTEPINKNHKCYNNTGVDYRGTVSATKSGRQCQPWNSNHPHTHTFNAIRYPELNGGHSYCRNPGNQREAPWCFTLDENVKYELCDIPACD
A0A803JJ83_XENTR_and_Q5FVA5_XENTR,SQLSGLSQGQKKLCQLYQDHMQFIGEGAKTGIKECQYQFRHRRWNCSTVDNTSVFGRVMQIGSRETAFTYAISAAGVVNAVSRACREGELSTCGCSRAARPKDLPRDWLWGGCGDNLDYGYRFAKEFVDAREREKIYQKGSYESSRLLMNLHNNEAGRRAVSTLADVACKCHGVSGSCSLKTCWLQLADFRKVGDLLKEKYDSAAAMKLNTRGKLVQVNNKFNSPTMNDLIYIDPSPDYCVHNESTGSLGTQGRLCNKTSEGMDGCELMCCGRGYDQFKTVQTERCHCKFHWCCYVKCKKCTEVVDQFACK:FLTFLEPVNNITIVQGQAATLHCKVSGNPLPNVKWLKNDAPVVQEPKRITIRKTDYGSRLRIQDLDTTDTGYYQCVATNGIKTITATGVLFVRLGPTNSPNPNTQDDYHKDGFCQPYRGIACARFIGNRTIYVDSLQMQGEIENRITAAFTMIGTSTHLSDQCSQFAIPSFCHFVFPLCDDQTSKPRELCRDECEVLENDLCRQEYNIARSNPLILMQLHLPNCEELPLPESPEAANCMRIGIPVEKLNRYQQCYNGTGTDYRGSVIVTKSGHQCQPWSNQVPHSHSLSSADHPEIGGGHAYCRNPGGQMEGPWCFTLNKHVRMELCDIPACR
A0A803JJ83_XENTR_and_A0A803J5L0_XENTR,SQLSGLSQGQKKLCQLYQDHMQFIGEGAKTGIKECQYQFRHRRWNCSTVDNTSVFGRVMQIGSRETAFTYAISAAGVVNAVSRACREGELSTCGCSRAARPKDLPRDWLWGGCGDNLDYGYRFAKEFVDAREREKIYQKGSYESSRLLMNLHNNEAGRRAVSTLADVACKCHGVSGSCSLKTCWLQLADFRKVGDLLKEKYDSAAAMKLNTRGKLVQVNNKFNSPTMNDLIYIDPSPDYCVHNESTGSLGTQGRLCNKTSEGMDGCELMCCGRGYDQFKTVQTERCHCKFHWCCYVKCKKCTEVVDQFACK:FLTFLEPVNNITIVQGQAATLHCKVSGNPLPNVKWLKNDAPVVQEPKRITIRKTDYGSRLRIQDLDTTDTGYYQCVATNGIKTITATGVLFVRLGPTNSPNPNTQDDYHKDGFCQPYRGIACARFIGNRTIYVDSLQMQGEIENRITAAFTMIGTSTHLSDQCSQFAIPSFCHFVFPLCDDQTSKPRELCRDECEVLENDLCRQEYNIARSNPLILMQLHLPNCEELPLPESPEAANCMRIGIPVEKLNRYQQCYNGTGTDYRGSVIVTKSGHQCQPWSNQVPHSHSLSSADHPEIGGGHAYCRNPGGQMEGPWCFTLNKHVRMELCDIPACR
A0A803K929_XENTR_and_A0A6I8QGM9_XENTR,SQLSGLSQGQKKLCQLYQDHMQFIGEGAKTGIKECQYQFRHRRWNCSTVDNTSVFGRVMQIGSRETAFTYAISAAGVVNAVSRACREGELSTCGCSRAARPKDLPRDWLWGGCGDNLDYGYRFAKEFVDAREREKIYQKGSYESSRLLMNLHNNEAGRRAVSTLADVACKCHGVSGSCSLKTCWLQLADFRKVGDLLKEKYDSAAAMKLNTRGKLVQVNNKFNSPTMNDLIYIDPSPDYCVHNESTGSLGTQGRLCNKTSEGMDGCELMCCGRGYDQFKTVQTERCHCKFHWCCYVKCKKCTEVVDQFACK:YLQLDEPMNNITTSLGQTAELHCKVSGNPSPTIRWLKNDAPVVQEPRRISFRTTNYGSRLRIRNLDTTDTGYFQCVATNGRKTVSTTGVLFVKFGPPPTASPGSVDDEEDGYCQPYRGIACARFILNHTIYVESLHMQGEIENQITAAFTMIGTSSHLSDKCSQFAIPSLCHYAFPYCDENAPHSSPKPRDLCRDECEILENVLCQAEYIFARSNPMILMRLKLPNCEDLPLPDSLEARNCIRIGIPMTEPINKNHKCYNNTGVDYRGTVSATKSGRQCQPWNSNHPHTHTFNAIRYPELNGGHSYCRNPGNQREAPWCFTLDENVKYELCDIPACD
A0A803K929_XENTR_and_A0A6I8RQP3_XENTR,SQLSGLSQGQKKLCQLYQDHMQFIGEGAKTGIKECQYQFRHRRWNCSTVDNTSVFGRVMQIGSRETAFTYAISAAGVVNAVSRACREGELSTCGCSRAARPKDLPRDWLWGGCGDNLDYGYRFAKEFVDAREREKIYQKGSYESSRLLMNLHNNEAGRRAVSTLADVACKCHGVSGSCSLKTCWLQLADFRKVGDLLKEKYDSAAAMKLNTRGKLVQVNNKFNSPTMNDLIYIDPSPDYCVHNESTGSLGTQGRLCNKTSEGMDGCELMCCGRGYDQFKTVQTERCHCKFHWCCYVKCKKCTEVVDQFACK:YLQLDEPMNNITTSLGQTAELHCKVSGNPSPTIRWLKNDAPVVQEPRRISFRTTNYGSRLRIRNLDTTDTGYFQCVATNGRKTVSTTGVLFVKFGPPPTASPGSVDDEEDGYCQPYRGIACARFILNHTIYVESLHMQGEIENQITAAFTMIGTSSHLSDKCSQFAIPSLCHYAFPYCDENAPHSSPKPRDLCRDECEILENVLCQAEYIFARSNPMILMRLKLPNCEDLPLPDSLEARNCIRIGIPMTEPINKNHKCYNNTGVDYRGTVSATKSGRQCQPWNSNHPHTHTFNAIRYPELNGGHSYCRNPGNQREAPWCFTLDENVKYELCDIPACD
A0A803K929_XENTR_and_A0A6I8SZJ2_XENTR,SQLSGLSQGQKKLCQLYQDHMQFIGEGAKTGIKECQYQFRHRRWNCSTVDNTSVFGRVMQIGSRETAFTYAISAAGVVNAVSRACREGELSTCGCSRAARPKDLPRDWLWGGCGDNLDYGYRFAKEFVDAREREKIYQKGSYESSRLLMNLHNNEAGRRAVSTLADVACKCHGVSGSCSLKTCWLQLADFRKVGDLLKEKYDSAAAMKLNTRGKLVQVNNKFNSPTMNDLIYIDPSPDYCVHNESTGSLGTQGRLCNKTSEGMDGCELMCCGRGYDQFKTVQTERCHCKFHWCCYVKCKKCTEVVDQFACK:YLQLDEPMNNITTSLGQTAELHCKVSGNPSPTIRWLKNDAPVVQEPRRISFRTTNYGSRLRIRNLDTTDTGYFQCVATNGRKTVSTTGVLFVKFGPPPTASPGSVDDEEDGYCQPYRGIACARFILNHTIYVESLHMQGEIENQITAAFTMIGTSSHLSDKCSQFAIPSLCHYAFPYCDENAPHSSPKPRDLCRDECEILENVLCQAEYIFARSNPMILMRLKLPNCEDLPLPDSLEARNCIRIGIPMTEPINKNHKCYNNTGVDYRGTVSATKSGRQCQPWNSNHPHTHTFNAIRYPELNGGHSYCRNPGNQREAPWCFTLDENVKYELCDIPACD
A0A803K929_XENTR_and_A0A6I8SEC5_XENTR,SQLSGLSQGQKKLCQLYQDHMQFIGEGAKTGIKECQYQFRHRRWNCSTVDNTSVFGRVMQIGSRETAFTYAISAAGVVNAVSRACREGELSTCGCSRAARPKDLPRDWLWGGCGDNLDYGYRFAKEFVDAREREKIYQKGSYESSRLLMNLHNNEAGRRAVSTLADVACKCHGVSGSCSLKTCWLQLADFRKVGDLLKEKYDSAAAMKLNTRGKLVQVNNKFNSPTMNDLIYIDPSPDYCVHNESTGSLGTQGRLCNKTSEGMDGCELMCCGRGYDQFKTVQTERCHCKFHWCCYVKCKKCTEVVDQFACK:YLQLDEPMNNITTSLGQTAELHCKVSGNPSPTIRWLKNDAPVVQEPRRISFRTTNYGSRLRIRNLDTTDTGYFQCVATNGRKTVSTTGVLFVKFGPPPTASPGSVDDEEDGYCQPYRGIACARFILNHTIYVESLHMQGEIENQITAAFTMIGTSSHLSDKCSQFAIPSLCHYAFPYCDENAPHSSPKPRDLCRDECEILENVLCQAEYIFARSNPMILMRLKLPNCEDLPLPDSLEARNCIRIGIPMTEPINKNHKCYNNTGVDYRGTVSATKSGRQCQPWNSNHPHTHTFNAIRYPELNGGHSYCRNPGNQREAPWCFTLDENVKYELCDIPACD
A0A803K929_XENTR_and_Q5FVA5_XENTR,SQLSGLSQGQKKLCQLYQDHMQFIGEGAKTGIKECQYQFRHRRWNCSTVDNTSVFGRVMQIGSRETAFTYAISAAGVVNAVSRACREGELSTCGCSRAARPKDLPRDWLWGGCGDNLDYGYRFAKEFVDAREREKIYQKGSYESSRLLMNLHNNEAGRRAVSTLADVACKCHGVSGSCSLKTCWLQLADFRKVGDLLKEKYDSAAAMKLNTRGKLVQVNNKFNSPTMNDLIYIDPSPDYCVHNESTGSLGTQGRLCNKTSEGMDGCELMCCGRGYDQFKTVQTERCHCKFHWCCYVKCKKCTEVVDQFACK:FLTFLEPVNNITIVQGQAATLHCKVSGNPLPNVKWLKNDAPVVQEPKRITIRKTDYGSRLRIQDLDTTDTGYYQCVATNGIKTITATGVLFVRLGPTNSPNPNTQDDYHKDGFCQPYRGIACARFIGNRTIYVDSLQMQGEIENRITAAFTMIGTSTHLSDQCSQFAIPSFCHFVFPLCDDQTSKPRELCRDECEVLENDLCRQEYNIARSNPLILMQLHLPNCEELPLPESPEAANCMRIGIPVEKLNRYQQCYNGTGTDYRGSVIVTKSGHQCQPWSNQVPHSHSLSSADHPEIGGGHAYCRNPGGQMEGPWCFTLNKHVRMELCDIPACR
A0A803K929_XENTR_and_A0A803J5L0_XENTR,SQLSGLSQGQKKLCQLYQDHMQFIGEGAKTGIKECQYQFRHRRWNCSTVDNTSVFGRVMQIGSRETAFTYAISAAGVVNAVSRACREGELSTCGCSRAARPKDLPRDWLWGGCGDNLDYGYRFAKEFVDAREREKIYQKGSYESSRLLMNLHNNEAGRRAVSTLADVACKCHGVSGSCSLKTCWLQLADFRKVGDLLKEKYDSAAAMKLNTRGKLVQVNNKFNSPTMNDLIYIDPSPDYCVHNESTGSLGTQGRLCNKTSEGMDGCELMCCGRGYDQFKTVQTERCHCKFHWCCYVKCKKCTEVVDQFACK:FLTFLEPVNNITIVQGQAATLHCKVSGNPLPNVKWLKNDAPVVQEPKRITIRKTDYGSRLRIQDLDTTDTGYYQCVATNGIKTITATGVLFVRLGPTNSPNPNTQDDYHKDGFCQPYRGIACARFIGNRTIYVDSLQMQGEIENRITAAFTMIGTSTHLSDQCSQFAIPSFCHFVFPLCDDQTSKPRELCRDECEVLENDLCRQEYNIARSNPLILMQLHLPNCEELPLPESPEAANCMRIGIPVEKLNRYQQCYNGTGTDYRGSVIVTKSGHQCQPWSNQVPHSHSLSSADHPEIGGGHAYCRNPGGQMEGPWCFTLNKHVRMELCDIPACR
A0A803KBZ4_XENTR_and_A0A6I8QGM9_XENTR,SQLSGLSQGQKKLCQLYQDHMQFIGEGAKTGIKECQYQFRHRRWNCSTVDNTSVFGRVMQIGSRETAFTYAISAAGVVNAVSRACREGELSTCGCSRAARPKDLPRDWLWGGCGDNLDYGYRFAKEFVDAREREKIYQKGSYESSRLLMNLHNNEAGRRAVSTLADVACKCHGVSGSCSLKTCWLQLADFRKVGDLLKEKYDSAAAMKLNTRGKLVQVNNKFNSPTMNDLIYIDPSPDYCVHNESTGSLGTQGRLCNKTSEGMDGCELMCCGRGYDQFKTVQTERCHCKFHWCCYVKCKKCTEVVDQFACK:YLQLDEPMNNITTSLGQTAELHCKVSGNPSPTIRWLKNDAPVVQEPRRISFRTTNYGSRLRIRNLDTTDTGYFQCVATNGRKTVSTTGVLFVKFGPPPTASPGSVDDEEDGYCQPYRGIACARFILNHTIYVESLHMQGEIENQITAAFTMIGTSSHLSDKCSQFAIPSLCHYAFPYCDENAPHSSPKPRDLCRDECEILENVLCQAEYIFARSNPMILMRLKLPNCEDLPLPDSLEARNCIRIGIPMTEPINKNHKCYNNTGVDYRGTVSATKSGRQCQPWNSNHPHTHTFNAIRYPELNGGHSYCRNPGNQREAPWCFTLDENVKYELCDIPACD
A0A803KBZ4_XENTR_and_A0A6I8RQP3_XENTR,SQLSGLSQGQKKLCQLYQDHMQFIGEGAKTGIKECQYQFRHRRWNCSTVDNTSVFGRVMQIGSRETAFTYAISAAGVVNAVSRACREGELSTCGCSRAARPKDLPRDWLWGGCGDNLDYGYRFAKEFVDAREREKIYQKGSYESSRLLMNLHNNEAGRRAVSTLADVACKCHGVSGSCSLKTCWLQLADFRKVGDLLKEKYDSAAAMKLNTRGKLVQVNNKFNSPTMNDLIYIDPSPDYCVHNESTGSLGTQGRLCNKTSEGMDGCELMCCGRGYDQFKTVQTERCHCKFHWCCYVKCKKCTEVVDQFACK:YLQLDEPMNNITTSLGQTAELHCKVSGNPSPTIRWLKNDAPVVQEPRRISFRTTNYGSRLRIRNLDTTDTGYFQCVATNGRKTVSTTGVLFVKFGPPPTASPGSVDDEEDGYCQPYRGIACARFILNHTIYVESLHMQGEIENQITAAFTMIGTSSHLSDKCSQFAIPSLCHYAFPYCDENAPHSSPKPRDLCRDECEILENVLCQAEYIFARSNPMILMRLKLPNCEDLPLPDSLEARNCIRIGIPMTEPINKNHKCYNNTGVDYRGTVSATKSGRQCQPWNSNHPHTHTFNAIRYPELNGGHSYCRNPGNQREAPWCFTLDENVKYELCDIPACD
A0A803KBZ4_XENTR_and_A0A6I8SZJ2_XENTR,SQLSGLSQGQKKLCQLYQDHMQFIGEGAKTGIKECQYQFRHRRWNCSTVDNTSVFGRVMQIGSRETAFTYAISAAGVVNAVSRACREGELSTCGCSRAARPKDLPRDWLWGGCGDNLDYGYRFAKEFVDAREREKIYQKGSYESSRLLMNLHNNEAGRRAVSTLADVACKCHGVSGSCSLKTCWLQLADFRKVGDLLKEKYDSAAAMKLNTRGKLVQVNNKFNSPTMNDLIYIDPSPDYCVHNESTGSLGTQGRLCNKTSEGMDGCELMCCGRGYDQFKTVQTERCHCKFHWCCYVKCKKCTEVVDQFACK:YLQLDEPMNNITTSLGQTAELHCKVSGNPSPTIRWLKNDAPVVQEPRRISFRTTNYGSRLRIRNLDTTDTGYFQCVATNGRKTVSTTGVLFVKFGPPPTASPGSVDDEEDGYCQPYRGIACARFILNHTIYVESLHMQGEIENQITAAFTMIGTSSHLSDKCSQFAIPSLCHYAFPYCDENAPHSSPKPRDLCRDECEILENVLCQAEYIFARSNPMILMRLKLPNCEDLPLPDSLEARNCIRIGIPMTEPINKNHKCYNNTGVDYRGTVSATKSGRQCQPWNSNHPHTHTFNAIRYPELNGGHSYCRNPGNQREAPWCFTLDENVKYELCDIPACD
A0A803KBZ4_XENTR_and_A0A6I8SEC5_XENTR,SQLSGLSQGQKKLCQLYQDHMQFIGEGAKTGIKECQYQFRHRRWNCSTVDNTSVFGRVMQIGSRETAFTYAISAAGVVNAVSRACREGELSTCGCSRAARPKDLPRDWLWGGCGDNLDYGYRFAKEFVDAREREKIYQKGSYESSRLLMNLHNNEAGRRAVSTLADVACKCHGVSGSCSLKTCWLQLADFRKVGDLLKEKYDSAAAMKLNTRGKLVQVNNKFNSPTMNDLIYIDPSPDYCVHNESTGSLGTQGRLCNKTSEGMDGCELMCCGRGYDQFKTVQTERCHCKFHWCCYVKCKKCTEVVDQFACK:YLQLDEPMNNITTSLGQTAELHCKVSGNPSPTIRWLKNDAPVVQEPRRISFRTTNYGSRLRIRNLDTTDTGYFQCVATNGRKTVSTTGVLFVKFGPPPTASPGSVDDEEDGYCQPYRGIACARFILNHTIYVESLHMQGEIENQITAAFTMIGTSSHLSDKCSQFAIPSLCHYAFPYCDENAPHSSPKPRDLCRDECEILENVLCQAEYIFARSNPMILMRLKLPNCEDLPLPDSLEARNCIRIGIPMTEPINKNHKCYNNTGVDYRGTVSATKSGRQCQPWNSNHPHTHTFNAIRYPELNGGHSYCRNPGNQREAPWCFTLDENVKYELCDIPACD
A0A803KBZ4_XENTR_and_Q5FVA5_XENTR,SQLSGLSQGQKKLCQLYQDHMQFIGEGAKTGIKECQYQFRHRRWNCSTVDNTSVFGRVMQIGSRETAFTYAISAAGVVNAVSRACREGELSTCGCSRAARPKDLPRDWLWGGCGDNLDYGYRFAKEFVDAREREKIYQKGSYESSRLLMNLHNNEAGRRAVSTLADVACKCHGVSGSCSLKTCWLQLADFRKVGDLLKEKYDSAAAMKLNTRGKLVQVNNKFNSPTMNDLIYIDPSPDYCVHNESTGSLGTQGRLCNKTSEGMDGCELMCCGRGYDQFKTVQTERCHCKFHWCCYVKCKKCTEVVDQFACK:FLTFLEPVNNITIVQGQAATLHCKVSGNPLPNVKWLKNDAPVVQEPKRITIRKTDYGSRLRIQDLDTTDTGYYQCVATNGIKTITATGVLFVRLGPTNSPNPNTQDDYHKDGFCQPYRGIACARFIGNRTIYVDSLQMQGEIENRITAAFTMIGTSTHLSDQCSQFAIPSFCHFVFPLCDDQTSKPRELCRDECEVLENDLCRQEYNIARSNPLILMQLHLPNCEELPLPESPEAANCMRIGIPVEKLNRYQQCYNGTGTDYRGSVIVTKSGHQCQPWSNQVPHSHSLSSADHPEIGGGHAYCRNPGGQMEGPWCFTLNKHVRMELCDIPACR
A0A803KBZ4_XENTR_and_A0A803J5L0_XENTR,SQLSGLSQGQKKLCQLYQDHMQFIGEGAKTGIKECQYQFRHRRWNCSTVDNTSVFGRVMQIGSRETAFTYAISAAGVVNAVSRACREGELSTCGCSRAARPKDLPRDWLWGGCGDNLDYGYRFAKEFVDAREREKIYQKGSYESSRLLMNLHNNEAGRRAVSTLADVACKCHGVSGSCSLKTCWLQLADFRKVGDLLKEKYDSAAAMKLNTRGKLVQVNNKFNSPTMNDLIYIDPSPDYCVHNESTGSLGTQGRLCNKTSEGMDGCELMCCGRGYDQFKTVQTERCHCKFHWCCYVKCKKCTEVVDQFACK:FLTFLEPVNNITIVQGQAATLHCKVSGNPLPNVKWLKNDAPVVQEPKRITIRKTDYGSRLRIQDLDTTDTGYYQCVATNGIKTITATGVLFVRLGPTNSPNPNTQDDYHKDGFCQPYRGIACARFIGNRTIYVDSLQMQGEIENRITAAFTMIGTSTHLSDQCSQFAIPSFCHFVFPLCDDQTSKPRELCRDECEVLENDLCRQEYNIARSNPLILMQLHLPNCEELPLPESPEAANCMRIGIPVEKLNRYQQCYNGTGTDYRGSVIVTKSGHQCQPWSNQVPHSHSLSSADHPEIGGGHAYCRNPGGQMEGPWCFTLNKHVRMELCDIPACR
A0A6I8SSI5_XENTR_and_A0A6I8QGM9_XENTR,SQLTGLSPGQRKLCQLYQDHMVYIGEGAKTGIKECQHQFKHRRWNCSTVDNNSVFGRVMQIGSREAAFTYAISAAGVVNAISRACREGELSTCGCSRTPRPKDLPRDWLWGGCGDNVEYGYRFAKEFVDAREREKNFPKGSEEQARSLMNLQNNEAGRRAVYKLADVACKCHGVSGSCSLKTCWLQLADFRKVGEYIKEKYDSAASMRLNKRNKLEQVNQRFNPPTAEDLVYLDPSPDYCLYNETTGSLGTHGRQCNKTSEGMDGCELMCCGRGYDQFKTVQVERCHCKFHWCCFVKCKKCTEIVDQYVCK:YLQLDEPMNNITTSLGQTAELHCKVSGNPSPTIRWLKNDAPVVQEPRRISFRTTNYGSRLRIRNLDTTDTGYFQCVATNGRKTVSTTGVLFVKFGPPPTASPGSVDDEEDGYCQPYRGIACARFILNHTIYVESLHMQGEIENQITAAFTMIGTSSHLSDKCSQFAIPSLCHYAFPYCDENAPHSSPKPRDLCRDECEILENVLCQAEYIFARSNPMILMRLKLPNCEDLPLPDSLEARNCIRIGIPMTEPINKNHKCYNNTGVDYRGTVSATKSGRQCQPWNSNHPHTHTFNAIRYPELNGGHSYCRNPGNQREAPWCFTLDENVKYELCDIPACD
A0A6I8SSI5_XENTR_and_A0A6I8RQP3_XENTR,SQLTGLSPGQRKLCQLYQDHMVYIGEGAKTGIKECQHQFKHRRWNCSTVDNNSVFGRVMQIGSREAAFTYAISAAGVVNAISRACREGELSTCGCSRTPRPKDLPRDWLWGGCGDNVEYGYRFAKEFVDAREREKNFPKGSEEQARSLMNLQNNEAGRRAVYKLADVACKCHGVSGSCSLKTCWLQLADFRKVGEYIKEKYDSAASMRLNKRNKLEQVNQRFNPPTAEDLVYLDPSPDYCLYNETTGSLGTHGRQCNKTSEGMDGCELMCCGRGYDQFKTVQVERCHCKFHWCCFVKCKKCTEIVDQYVCK:YLQLDEPMNNITTSLGQTAELHCKVSGNPSPTIRWLKNDAPVVQEPRRISFRTTNYGSRLRIRNLDTTDTGYFQCVATNGRKTVSTTGVLFVKFGPPPTASPGSVDDEEDGYCQPYRGIACARFILNHTIYVESLHMQGEIENQITAAFTMIGTSSHLSDKCSQFAIPSLCHYAFPYCDENAPHSSPKPRDLCRDECEILENVLCQAEYIFARSNPMILMRLKLPNCEDLPLPDSLEARNCIRIGIPMTEPINKNHKCYNNTGVDYRGTVSATKSGRQCQPWNSNHPHTHTFNAIRYPELNGGHSYCRNPGNQREAPWCFTLDENVKYELCDIPACD
A0A6I8SSI5_XENTR_and_A0A6I8SZJ2_XENTR,SQLTGLSPGQRKLCQLYQDHMVYIGEGAKTGIKECQHQFKHRRWNCSTVDNNSVFGRVMQIGSREAAFTYAISAAGVVNAISRACREGELSTCGCSRTPRPKDLPRDWLWGGCGDNVEYGYRFAKEFVDAREREKNFPKGSEEQARSLMNLQNNEAGRRAVYKLADVACKCHGVSGSCSLKTCWLQLADFRKVGEYIKEKYDSAASMRLNKRNKLEQVNQRFNPPTAEDLVYLDPSPDYCLYNETTGSLGTHGRQCNKTSEGMDGCELMCCGRGYDQFKTVQVERCHCKFHWCCFVKCKKCTEIVDQYVCK:YLQLDEPMNNITTSLGQTAELHCKVSGNPSPTIRWLKNDAPVVQEPRRISFRTTNYGSRLRIRNLDTTDTGYFQCVATNGRKTVSTTGVLFVKFGPPPTASPGSVDDEEDGYCQPYRGIACARFILNHTIYVESLHMQGEIENQITAAFTMIGTSSHLSDKCSQFAIPSLCHYAFPYCDENAPHSSPKPRDLCRDECEILENVLCQAEYIFARSNPMILMRLKLPNCEDLPLPDSLEARNCIRIGIPMTEPINKNHKCYNNTGVDYRGTVSATKSGRQCQPWNSNHPHTHTFNAIRYPELNGGHSYCRNPGNQREAPWCFTLDENVKYELCDIPACD
A0A6I8SSI5_XENTR_and_A0A6I8SEC5_XENTR,SQLTGLSPGQRKLCQLYQDHMVYIGEGAKTGIKECQHQFKHRRWNCSTVDNNSVFGRVMQIGSREAAFTYAISAAGVVNAISRACREGELSTCGCSRTPRPKDLPRDWLWGGCGDNVEYGYRFAKEFVDAREREKNFPKGSEEQARSLMNLQNNEAGRRAVYKLADVACKCHGVSGSCSLKTCWLQLADFRKVGEYIKEKYDSAASMRLNKRNKLEQVNQRFNPPTAEDLVYLDPSPDYCLYNETTGSLGTHGRQCNKTSEGMDGCELMCCGRGYDQFKTVQVERCHCKFHWCCFVKCKKCTEIVDQYVCK:YLQLDEPMNNITTSLGQTAELHCKVSGNPSPTIRWLKNDAPVVQEPRRISFRTTNYGSRLRIRNLDTTDTGYFQCVATNGRKTVSTTGVLFVKFGPPPTASPGSVDDEEDGYCQPYRGIACARFILNHTIYVESLHMQGEIENQITAAFTMIGTSSHLSDKCSQFAIPSLCHYAFPYCDENAPHSSPKPRDLCRDECEILENVLCQAEYIFARSNPMILMRLKLPNCEDLPLPDSLEARNCIRIGIPMTEPINKNHKCYNNTGVDYRGTVSATKSGRQCQPWNSNHPHTHTFNAIRYPELNGGHSYCRNPGNQREAPWCFTLDENVKYELCDIPACD
A0A6I8SSI5_XENTR_and_Q5FVA5_XENTR,SQLTGLSPGQRKLCQLYQDHMVYIGEGAKTGIKECQHQFKHRRWNCSTVDNNSVFGRVMQIGSREAAFTYAISAAGVVNAISRACREGELSTCGCSRTPRPKDLPRDWLWGGCGDNVEYGYRFAKEFVDAREREKNFPKGSEEQARSLMNLQNNEAGRRAVYKLADVACKCHGVSGSCSLKTCWLQLADFRKVGEYIKEKYDSAASMRLNKRNKLEQVNQRFNPPTAEDLVYLDPSPDYCLYNETTGSLGTHGRQCNKTSEGMDGCELMCCGRGYDQFKTVQVERCHCKFHWCCFVKCKKCTEIVDQYVCK:FLTFLEPVNNITIVQGQAATLHCKVSGNPLPNVKWLKNDAPVVQEPKRITIRKTDYGSRLRIQDLDTTDTGYYQCVATNGIKTITATGVLFVRLGPTNSPNPNTQDDYHKDGFCQPYRGIACARFIGNRTIYVDSLQMQGEIENRITAAFTMIGTSTHLSDQCSQFAIPSFCHFVFPLCDDQTSKPRELCRDECEVLENDLCRQEYNIARSNPLILMQLHLPNCEELPLPESPEAANCMRIGIPVEKLNRYQQCYNGTGTDYRGSVIVTKSGHQCQPWSNQVPHSHSLSSADHPEIGGGHAYCRNPGGQMEGPWCFTLNKHVRMELCDIPACR
A0A6I8SSI5_XENTR_and_A0A803J5L0_XENTR,SQLTGLSPGQRKLCQLYQDHMVYIGEGAKTGIKECQHQFKHRRWNCSTVDNNSVFGRVMQIGSREAAFTYAISAAGVVNAISRACREGELSTCGCSRTPRPKDLPRDWLWGGCGDNVEYGYRFAKEFVDAREREKNFPKGSEEQARSLMNLQNNEAGRRAVYKLADVACKCHGVSGSCSLKTCWLQLADFRKVGEYIKEKYDSAASMRLNKRNKLEQVNQRFNPPTAEDLVYLDPSPDYCLYNETTGSLGTHGRQCNKTSEGMDGCELMCCGRGYDQFKTVQVERCHCKFHWCCFVKCKKCTEIVDQYVCK:FLTFLEPVNNITIVQGQAATLHCKVSGNPLPNVKWLKNDAPVVQEPKRITIRKTDYGSRLRIQDLDTTDTGYYQCVATNGIKTITATGVLFVRLGPTNSPNPNTQDDYHKDGFCQPYRGIACARFIGNRTIYVDSLQMQGEIENRITAAFTMIGTSTHLSDQCSQFAIPSFCHFVFPLCDDQTSKPRELCRDECEVLENDLCRQEYNIARSNPLILMQLHLPNCEELPLPESPEAANCMRIGIPVEKLNRYQQCYNGTGTDYRGSVIVTKSGHQCQPWSNQVPHSHSLSSADHPEIGGGHAYCRNPGGQMEGPWCFTLNKHVRMELCDIPACR
A0A803JA58_XENTR_and_A0A6I8QGM9_XENTR,SQLTGLSPGQRKLCQLYQDHMVYIGEGAKTGIKECQHQFKHRRWNCSTVDNNSVFGRVMQIGSREAAFTYAISAAGVVNAISRACREGELSTCGCSRTPRPKDLPRDWLWGGCGDNVEYGYRFAKEFVDAREREKNFPKGSEEQARSLMNLQNNEAGRRAVYKLADVACKCHGVSGSCSLKTCWLQLADFRKVGEYIKEKYDSAASMRLNKRNKLEQVNQRFNPPTAEDLVYLDPSPDYCLYNETTGSLGTHGRQCNKTSEGMDGCELMCCGRGYDQFKTVQVERCHCKFHWCCFVKCKKCTEIVDQYVCK:YLQLDEPMNNITTSLGQTAELHCKVSGNPSPTIRWLKNDAPVVQEPRRISFRTTNYGSRLRIRNLDTTDTGYFQCVATNGRKTVSTTGVLFVKFGPPPTASPGSVDDEEDGYCQPYRGIACARFILNHTIYVESLHMQGEIENQITAAFTMIGTSSHLSDKCSQFAIPSLCHYAFPYCDENAPHSSPKPRDLCRDECEILENVLCQAEYIFARSNPMILMRLKLPNCEDLPLPDSLEARNCIRIGIPMTEPINKNHKCYNNTGVDYRGTVSATKSGRQCQPWNSNHPHTHTFNAIRYPELNGGHSYCRNPGNQREAPWCFTLDENVKYELCDIPACD
A0A803JA58_XENTR_and_A0A6I8RQP3_XENTR,SQLTGLSPGQRKLCQLYQDHMVYIGEGAKTGIKECQHQFKHRRWNCSTVDNNSVFGRVMQIGSREAAFTYAISAAGVVNAISRACREGELSTCGCSRTPRPKDLPRDWLWGGCGDNVEYGYRFAKEFVDAREREKNFPKGSEEQARSLMNLQNNEAGRRAVYKLADVACKCHGVSGSCSLKTCWLQLADFRKVGEYIKEKYDSAASMRLNKRNKLEQVNQRFNPPTAEDLVYLDPSPDYCLYNETTGSLGTHGRQCNKTSEGMDGCELMCCGRGYDQFKTVQVERCHCKFHWCCFVKCKKCTEIVDQYVCK:YLQLDEPMNNITTSLGQTAELHCKVSGNPSPTIRWLKNDAPVVQEPRRISFRTTNYGSRLRIRNLDTTDTGYFQCVATNGRKTVSTTGVLFVKFGPPPTASPGSVDDEEDGYCQPYRGIACARFILNHTIYVESLHMQGEIENQITAAFTMIGTSSHLSDKCSQFAIPSLCHYAFPYCDENAPHSSPKPRDLCRDECEILENVLCQAEYIFARSNPMILMRLKLPNCEDLPLPDSLEARNCIRIGIPMTEPINKNHKCYNNTGVDYRGTVSATKSGRQCQPWNSNHPHTHTFNAIRYPELNGGHSYCRNPGNQREAPWCFTLDENVKYELCDIPACD
A0A803JA58_XENTR_and_A0A6I8SZJ2_XENTR,SQLTGLSPGQRKLCQLYQDHMVYIGEGAKTGIKECQHQFKHRRWNCSTVDNNSVFGRVMQIGSREAAFTYAISAAGVVNAISRACREGELSTCGCSRTPRPKDLPRDWLWGGCGDNVEYGYRFAKEFVDAREREKNFPKGSEEQARSLMNLQNNEAGRRAVYKLADVACKCHGVSGSCSLKTCWLQLADFRKVGEYIKEKYDSAASMRLNKRNKLEQVNQRFNPPTAEDLVYLDPSPDYCLYNETTGSLGTHGRQCNKTSEGMDGCELMCCGRGYDQFKTVQVERCHCKFHWCCFVKCKKCTEIVDQYVCK:YLQLDEPMNNITTSLGQTAELHCKVSGNPSPTIRWLKNDAPVVQEPRRISFRTTNYGSRLRIRNLDTTDTGYFQCVATNGRKTVSTTGVLFVKFGPPPTASPGSVDDEEDGYCQPYRGIACARFILNHTIYVESLHMQGEIENQITAAFTMIGTSSHLSDKCSQFAIPSLCHYAFPYCDENAPHSSPKPRDLCRDECEILENVLCQAEYIFARSNPMILMRLKLPNCEDLPLPDSLEARNCIRIGIPMTEPINKNHKCYNNTGVDYRGTVSATKSGRQCQPWNSNHPHTHTFNAIRYPELNGGHSYCRNPGNQREAPWCFTLDENVKYELCDIPACD
A0A803JA58_XENTR_and_A0A6I8SEC5_XENTR,SQLTGLSPGQRKLCQLYQDHMVYIGEGAKTGIKECQHQFKHRRWNCSTVDNNSVFGRVMQIGSREAAFTYAISAAGVVNAISRACREGELSTCGCSRTPRPKDLPRDWLWGGCGDNVEYGYRFAKEFVDAREREKNFPKGSEEQARSLMNLQNNEAGRRAVYKLADVACKCHGVSGSCSLKTCWLQLADFRKVGEYIKEKYDSAASMRLNKRNKLEQVNQRFNPPTAEDLVYLDPSPDYCLYNETTGSLGTHGRQCNKTSEGMDGCELMCCGRGYDQFKTVQVERCHCKFHWCCFVKCKKCTEIVDQYVCK:YLQLDEPMNNITTSLGQTAELHCKVSGNPSPTIRWLKNDAPVVQEPRRISFRTTNYGSRLRIRNLDTTDTGYFQCVATNGRKTVSTTGVLFVKFGPPPTASPGSVDDEEDGYCQPYRGIACARFILNHTIYVESLHMQGEIENQITAAFTMIGTSSHLSDKCSQFAIPSLCHYAFPYCDENAPHSSPKPRDLCRDECEILENVLCQAEYIFARSNPMILMRLKLPNCEDLPLPDSLEARNCIRIGIPMTEPINKNHKCYNNTGVDYRGTVSATKSGRQCQPWNSNHPHTHTFNAIRYPELNGGHSYCRNPGNQREAPWCFTLDENVKYELCDIPACD
A0A803JA58_XENTR_and_Q5FVA5_XENTR,SQLTGLSPGQRKLCQLYQDHMVYIGEGAKTGIKECQHQFKHRRWNCSTVDNNSVFGRVMQIGSREAAFTYAISAAGVVNAISRACREGELSTCGCSRTPRPKDLPRDWLWGGCGDNVEYGYRFAKEFVDAREREKNFPKGSEEQARSLMNLQNNEAGRRAVYKLADVACKCHGVSGSCSLKTCWLQLADFRKVGEYIKEKYDSAASMRLNKRNKLEQVNQRFNPPTAEDLVYLDPSPDYCLYNETTGSLGTHGRQCNKTSEGMDGCELMCCGRGYDQFKTVQVERCHCKFHWCCFVKCKKCTEIVDQYVCK:FLTFLEPVNNITIVQGQAATLHCKVSGNPLPNVKWLKNDAPVVQEPKRITIRKTDYGSRLRIQDLDTTDTGYYQCVATNGIKTITATGVLFVRLGPTNSPNPNTQDDYHKDGFCQPYRGIACARFIGNRTIYVDSLQMQGEIENRITAAFTMIGTSTHLSDQCSQFAIPSFCHFVFPLCDDQTSKPRELCRDECEVLENDLCRQEYNIARSNPLILMQLHLPNCEELPLPESPEAANCMRIGIPVEKLNRYQQCYNGTGTDYRGSVIVTKSGHQCQPWSNQVPHSHSLSSADHPEIGGGHAYCRNPGGQMEGPWCFTLNKHVRMELCDIPACR
A0A803JA58_XENTR_and_A0A803J5L0_XENTR,SQLTGLSPGQRKLCQLYQDHMVYIGEGAKTGIKECQHQFKHRRWNCSTVDNNSVFGRVMQIGSREAAFTYAISAAGVVNAISRACREGELSTCGCSRTPRPKDLPRDWLWGGCGDNVEYGYRFAKEFVDAREREKNFPKGSEEQARSLMNLQNNEAGRRAVYKLADVACKCHGVSGSCSLKTCWLQLADFRKVGEYIKEKYDSAASMRLNKRNKLEQVNQRFNPPTAEDLVYLDPSPDYCLYNETTGSLGTHGRQCNKTSEGMDGCELMCCGRGYDQFKTVQVERCHCKFHWCCFVKCKKCTEIVDQYVCK:FLTFLEPVNNITIVQGQAATLHCKVSGNPLPNVKWLKNDAPVVQEPKRITIRKTDYGSRLRIQDLDTTDTGYYQCVATNGIKTITATGVLFVRLGPTNSPNPNTQDDYHKDGFCQPYRGIACARFIGNRTIYVDSLQMQGEIENRITAAFTMIGTSTHLSDQCSQFAIPSFCHFVFPLCDDQTSKPRELCRDECEVLENDLCRQEYNIARSNPLILMQLHLPNCEELPLPESPEAANCMRIGIPVEKLNRYQQCYNGTGTDYRGSVIVTKSGHQCQPWSNQVPHSHSLSSADHPEIGGGHAYCRNPGGQMEGPWCFTLNKHVRMELCDIPACR
F7DI28_XENTR_and_A0A6I8QGM9_XENTR,SQLTGLSPGQRKLCQLYQDHMVYIGEGAKTGIKECQHQFKHRRWNCSTVDNNSVFGRVMQIGSREAAFTYAISAAGVVNAISRACREGELSTCGCSRTPRPKDLPRDWLWGGCGDNVEYGYRFAKEFVDAREREKNFPKGSEEQARSLMNLQNNEAGRRAVYKLADVACKCHGVSGSCSLKTCWLQLADFRKVGEYIKEKYDSAASMRLNKRNKLEQVNQRFNPPTAEDLVYLDPSPDYCLYNETTGSLGTHGRQCNKTSEGMDGCELMCCGRGYDQFKTVQVERCHCKFHWCCFVKCKKCTEIVDQYVCK:YLQLDEPMNNITTSLGQTAELHCKVSGNPSPTIRWLKNDAPVVQEPRRISFRTTNYGSRLRIRNLDTTDTGYFQCVATNGRKTVSTTGVLFVKFGPPPTASPGSVDDEEDGYCQPYRGIACARFILNHTIYVESLHMQGEIENQITAAFTMIGTSSHLSDKCSQFAIPSLCHYAFPYCDENAPHSSPKPRDLCRDECEILENVLCQAEYIFARSNPMILMRLKLPNCEDLPLPDSLEARNCIRIGIPMTEPINKNHKCYNNTGVDYRGTVSATKSGRQCQPWNSNHPHTHTFNAIRYPELNGGHSYCRNPGNQREAPWCFTLDENVKYELCDIPACD
F7DI28_XENTR_and_A0A6I8RQP3_XENTR,SQLTGLSPGQRKLCQLYQDHMVYIGEGAKTGIKECQHQFKHRRWNCSTVDNNSVFGRVMQIGSREAAFTYAISAAGVVNAISRACREGELSTCGCSRTPRPKDLPRDWLWGGCGDNVEYGYRFAKEFVDAREREKNFPKGSEEQARSLMNLQNNEAGRRAVYKLADVACKCHGVSGSCSLKTCWLQLADFRKVGEYIKEKYDSAASMRLNKRNKLEQVNQRFNPPTAEDLVYLDPSPDYCLYNETTGSLGTHGRQCNKTSEGMDGCELMCCGRGYDQFKTVQVERCHCKFHWCCFVKCKKCTEIVDQYVCK:YLQLDEPMNNITTSLGQTAELHCKVSGNPSPTIRWLKNDAPVVQEPRRISFRTTNYGSRLRIRNLDTTDTGYFQCVATNGRKTVSTTGVLFVKFGPPPTASPGSVDDEEDGYCQPYRGIACARFILNHTIYVESLHMQGEIENQITAAFTMIGTSSHLSDKCSQFAIPSLCHYAFPYCDENAPHSSPKPRDLCRDECEILENVLCQAEYIFARSNPMILMRLKLPNCEDLPLPDSLEARNCIRIGIPMTEPINKNHKCYNNTGVDYRGTVSATKSGRQCQPWNSNHPHTHTFNAIRYPELNGGHSYCRNPGNQREAPWCFTLDENVKYELCDIPACD
F7DI28_XENTR_and_A0A6I8SZJ2_XENTR,SQLTGLSPGQRKLCQLYQDHMVYIGEGAKTGIKECQHQFKHRRWNCSTVDNNSVFGRVMQIGSREAAFTYAISAAGVVNAISRACREGELSTCGCSRTPRPKDLPRDWLWGGCGDNVEYGYRFAKEFVDAREREKNFPKGSEEQARSLMNLQNNEAGRRAVYKLADVACKCHGVSGSCSLKTCWLQLADFRKVGEYIKEKYDSAASMRLNKRNKLEQVNQRFNPPTAEDLVYLDPSPDYCLYNETTGSLGTHGRQCNKTSEGMDGCELMCCGRGYDQFKTVQVERCHCKFHWCCFVKCKKCTEIVDQYVCK:YLQLDEPMNNITTSLGQTAELHCKVSGNPSPTIRWLKNDAPVVQEPRRISFRTTNYGSRLRIRNLDTTDTGYFQCVATNGRKTVSTTGVLFVKFGPPPTASPGSVDDEEDGYCQPYRGIACARFILNHTIYVESLHMQGEIENQITAAFTMIGTSSHLSDKCSQFAIPSLCHYAFPYCDENAPHSSPKPRDLCRDECEILENVLCQAEYIFARSNPMILMRLKLPNCEDLPLPDSLEARNCIRIGIPMTEPINKNHKCYNNTGVDYRGTVSATKSGRQCQPWNSNHPHTHTFNAIRYPELNGGHSYCRNPGNQREAPWCFTLDENVKYELCDIPACD
F7DI28_XENTR_and_A0A6I8SEC5_XENTR,SQLTGLSPGQRKLCQLYQDHMVYIGEGAKTGIKECQHQFKHRRWNCSTVDNNSVFGRVMQIGSREAAFTYAISAAGVVNAISRACREGELSTCGCSRTPRPKDLPRDWLWGGCGDNVEYGYRFAKEFVDAREREKNFPKGSEEQARSLMNLQNNEAGRRAVYKLADVACKCHGVSGSCSLKTCWLQLADFRKVGEYIKEKYDSAASMRLNKRNKLEQVNQRFNPPTAEDLVYLDPSPDYCLYNETTGSLGTHGRQCNKTSEGMDGCELMCCGRGYDQFKTVQVERCHCKFHWCCFVKCKKCTEIVDQYVCK:YLQLDEPMNNITTSLGQTAELHCKVSGNPSPTIRWLKNDAPVVQEPRRISFRTTNYGSRLRIRNLDTTDTGYFQCVATNGRKTVSTTGVLFVKFGPPPTASPGSVDDEEDGYCQPYRGIACARFILNHTIYVESLHMQGEIENQITAAFTMIGTSSHLSDKCSQFAIPSLCHYAFPYCDENAPHSSPKPRDLCRDECEILENVLCQAEYIFARSNPMILMRLKLPNCEDLPLPDSLEARNCIRIGIPMTEPINKNHKCYNNTGVDYRGTVSATKSGRQCQPWNSNHPHTHTFNAIRYPELNGGHSYCRNPGNQREAPWCFTLDENVKYELCDIPACD
F7DI28_XENTR_and_Q5FVA5_XENTR,SQLTGLSPGQRKLCQLYQDHMVYIGEGAKTGIKECQHQFKHRRWNCSTVDNNSVFGRVMQIGSREAAFTYAISAAGVVNAISRACREGELSTCGCSRTPRPKDLPRDWLWGGCGDNVEYGYRFAKEFVDAREREKNFPKGSEEQARSLMNLQNNEAGRRAVYKLADVACKCHGVSGSCSLKTCWLQLADFRKVGEYIKEKYDSAASMRLNKRNKLEQVNQRFNPPTAEDLVYLDPSPDYCLYNETTGSLGTHGRQCNKTSEGMDGCELMCCGRGYDQFKTVQVERCHCKFHWCCFVKCKKCTEIVDQYVCK:FLTFLEPVNNITIVQGQAATLHCKVSGNPLPNVKWLKNDAPVVQEPKRITIRKTDYGSRLRIQDLDTTDTGYYQCVATNGIKTITATGVLFVRLGPTNSPNPNTQDDYHKDGFCQPYRGIACARFIGNRTIYVDSLQMQGEIENRITAAFTMIGTSTHLSDQCSQFAIPSFCHFVFPLCDDQTSKPRELCRDECEVLENDLCRQEYNIARSNPLILMQLHLPNCEELPLPESPEAANCMRIGIPVEKLNRYQQCYNGTGTDYRGSVIVTKSGHQCQPWSNQVPHSHSLSSADHPEIGGGHAYCRNPGGQMEGPWCFTLNKHVRMELCDIPACR
F7DI28_XENTR_and_A0A803J5L0_XENTR,SQLTGLSPGQRKLCQLYQDHMVYIGEGAKTGIKECQHQFKHRRWNCSTVDNNSVFGRVMQIGSREAAFTYAISAAGVVNAISRACREGELSTCGCSRTPRPKDLPRDWLWGGCGDNVEYGYRFAKEFVDAREREKNFPKGSEEQARSLMNLQNNEAGRRAVYKLADVACKCHGVSGSCSLKTCWLQLADFRKVGEYIKEKYDSAASMRLNKRNKLEQVNQRFNPPTAEDLVYLDPSPDYCLYNETTGSLGTHGRQCNKTSEGMDGCELMCCGRGYDQFKTVQVERCHCKFHWCCFVKCKKCTEIVDQYVCK:FLTFLEPVNNITIVQGQAATLHCKVSGNPLPNVKWLKNDAPVVQEPKRITIRKTDYGSRLRIQDLDTTDTGYYQCVATNGIKTITATGVLFVRLGPTNSPNPNTQDDYHKDGFCQPYRGIACARFIGNRTIYVDSLQMQGEIENRITAAFTMIGTSTHLSDQCSQFAIPSFCHFVFPLCDDQTSKPRELCRDECEVLENDLCRQEYNIARSNPLILMQLHLPNCEELPLPESPEAANCMRIGIPVEKLNRYQQCYNGTGTDYRGSVIVTKSGHQCQPWSNQVPHSHSLSSADHPEIGGGHAYCRNPGGQMEGPWCFTLNKHVRMELCDIPACR
Q6DII0_XENTR_and_A0A6I8QGM9_XENTR,SQLTGLSPGQRKLCQLYQDHMVYIGEGAKTGIKECQHQFKHRRWNCSTVDNNSVFGRVMQIGSREAAFTYAISAAGVVNAISRACREGELSTCGCSRTPRPKDLPRDWLWGGCGDNVEYGYRFAKEFVDAREREKNFPKGSEEQARSLMNLQNNEAGRRAVYKLADVACKCHGVSGSCSLKTCWLQLADFRKVGEYIKEKYDSAASMRLNKRNKLEQVNQRFNPPTAEDLVYLDPSPDYCLYNETTGSLGTHGRQCNKTSEGMDGCELMCCGRGYDQFKTVQVERCHCKFHWCCFVKCKKCTEIVDQYVCK:YLQLDEPMNNITTSLGQTAELHCKVSGNPSPTIRWLKNDAPVVQEPRRISFRTTNYGSRLRIRNLDTTDTGYFQCVATNGRKTVSTTGVLFVKFGPPPTASPGSVDDEEDGYCQPYRGIACARFILNHTIYVESLHMQGEIENQITAAFTMIGTSSHLSDKCSQFAIPSLCHYAFPYCDENAPHSSPKPRDLCRDECEILENVLCQAEYIFARSNPMILMRLKLPNCEDLPLPDSLEARNCIRIGIPMTEPINKNHKCYNNTGVDYRGTVSATKSGRQCQPWNSNHPHTHTFNAIRYPELNGGHSYCRNPGNQREAPWCFTLDENVKYELCDIPACD
Q6DII0_XENTR_and_A0A6I8RQP3_XENTR,SQLTGLSPGQRKLCQLYQDHMVYIGEGAKTGIKECQHQFKHRRWNCSTVDNNSVFGRVMQIGSREAAFTYAISAAGVVNAISRACREGELSTCGCSRTPRPKDLPRDWLWGGCGDNVEYGYRFAKEFVDAREREKNFPKGSEEQARSLMNLQNNEAGRRAVYKLADVACKCHGVSGSCSLKTCWLQLADFRKVGEYIKEKYDSAASMRLNKRNKLEQVNQRFNPPTAEDLVYLDPSPDYCLYNETTGSLGTHGRQCNKTSEGMDGCELMCCGRGYDQFKTVQVERCHCKFHWCCFVKCKKCTEIVDQYVCK:YLQLDEPMNNITTSLGQTAELHCKVSGNPSPTIRWLKNDAPVVQEPRRISFRTTNYGSRLRIRNLDTTDTGYFQCVATNGRKTVSTTGVLFVKFGPPPTASPGSVDDEEDGYCQPYRGIACARFILNHTIYVESLHMQGEIENQITAAFTMIGTSSHLSDKCSQFAIPSLCHYAFPYCDENAPHSSPKPRDLCRDECEILENVLCQAEYIFARSNPMILMRLKLPNCEDLPLPDSLEARNCIRIGIPMTEPINKNHKCYNNTGVDYRGTVSATKSGRQCQPWNSNHPHTHTFNAIRYPELNGGHSYCRNPGNQREAPWCFTLDENVKYELCDIPACD
Q6DII0_XENTR_and_A0A6I8SZJ2_XENTR,SQLTGLSPGQRKLCQLYQDHMVYIGEGAKTGIKECQHQFKHRRWNCSTVDNNSVFGRVMQIGSREAAFTYAISAAGVVNAISRACREGELSTCGCSRTPRPKDLPRDWLWGGCGDNVEYGYRFAKEFVDAREREKNFPKGSEEQARSLMNLQNNEAGRRAVYKLADVACKCHGVSGSCSLKTCWLQLADFRKVGEYIKEKYDSAASMRLNKRNKLEQVNQRFNPPTAEDLVYLDPSPDYCLYNETTGSLGTHGRQCNKTSEGMDGCELMCCGRGYDQFKTVQVERCHCKFHWCCFVKCKKCTEIVDQYVCK:YLQLDEPMNNITTSLGQTAELHCKVSGNPSPTIRWLKNDAPVVQEPRRISFRTTNYGSRLRIRNLDTTDTGYFQCVATNGRKTVSTTGVLFVKFGPPPTASPGSVDDEEDGYCQPYRGIACARFILNHTIYVESLHMQGEIENQITAAFTMIGTSSHLSDKCSQFAIPSLCHYAFPYCDENAPHSSPKPRDLCRDECEILENVLCQAEYIFARSNPMILMRLKLPNCEDLPLPDSLEARNCIRIGIPMTEPINKNHKCYNNTGVDYRGTVSATKSGRQCQPWNSNHPHTHTFNAIRYPELNGGHSYCRNPGNQREAPWCFTLDENVKYELCDIPACD
Q6DII0_XENTR_and_A0A6I8SEC5_XENTR,SQLTGLSPGQRKLCQLYQDHMVYIGEGAKTGIKECQHQFKHRRWNCSTVDNNSVFGRVMQIGSREAAFTYAISAAGVVNAISRACREGELSTCGCSRTPRPKDLPRDWLWGGCGDNVEYGYRFAKEFVDAREREKNFPKGSEEQARSLMNLQNNEAGRRAVYKLADVACKCHGVSGSCSLKTCWLQLADFRKVGEYIKEKYDSAASMRLNKRNKLEQVNQRFNPPTAEDLVYLDPSPDYCLYNETTGSLGTHGRQCNKTSEGMDGCELMCCGRGYDQFKTVQVERCHCKFHWCCFVKCKKCTEIVDQYVCK:YLQLDEPMNNITTSLGQTAELHCKVSGNPSPTIRWLKNDAPVVQEPRRISFRTTNYGSRLRIRNLDTTDTGYFQCVATNGRKTVSTTGVLFVKFGPPPTASPGSVDDEEDGYCQPYRGIACARFILNHTIYVESLHMQGEIENQITAAFTMIGTSSHLSDKCSQFAIPSLCHYAFPYCDENAPHSSPKPRDLCRDECEILENVLCQAEYIFARSNPMILMRLKLPNCEDLPLPDSLEARNCIRIGIPMTEPINKNHKCYNNTGVDYRGTVSATKSGRQCQPWNSNHPHTHTFNAIRYPELNGGHSYCRNPGNQREAPWCFTLDENVKYELCDIPACD
Q6DII0_XENTR_and_Q5FVA5_XENTR,SQLTGLSPGQRKLCQLYQDHMVYIGEGAKTGIKECQHQFKHRRWNCSTVDNNSVFGRVMQIGSREAAFTYAISAAGVVNAISRACREGELSTCGCSRTPRPKDLPRDWLWGGCGDNVEYGYRFAKEFVDAREREKNFPKGSEEQARSLMNLQNNEAGRRAVYKLADVACKCHGVSGSCSLKTCWLQLADFRKVGEYIKEKYDSAASMRLNKRNKLEQVNQRFNPPTAEDLVYLDPSPDYCLYNETTGSLGTHGRQCNKTSEGMDGCELMCCGRGYDQFKTVQVERCHCKFHWCCFVKCKKCTEIVDQYVCK:FLTFLEPVNNITIVQGQAATLHCKVSGNPLPNVKWLKNDAPVVQEPKRITIRKTDYGSRLRIQDLDTTDTGYYQCVATNGIKTITATGVLFVRLGPTNSPNPNTQDDYHKDGFCQPYRGIACARFIGNRTIYVDSLQMQGEIENRITAAFTMIGTSTHLSDQCSQFAIPSFCHFVFPLCDDQTSKPRELCRDECEVLENDLCRQEYNIARSNPLILMQLHLPNCEELPLPESPEAANCMRIGIPVEKLNRYQQCYNGTGTDYRGSVIVTKSGHQCQPWSNQVPHSHSLSSADHPEIGGGHAYCRNPGGQMEGPWCFTLNKHVRMELCDIPACR
Q6DII0_XENTR_and_A0A803J5L0_XENTR,SQLTGLSPGQRKLCQLYQDHMVYIGEGAKTGIKECQHQFKHRRWNCSTVDNNSVFGRVMQIGSREAAFTYAISAAGVVNAISRACREGELSTCGCSRTPRPKDLPRDWLWGGCGDNVEYGYRFAKEFVDAREREKNFPKGSEEQARSLMNLQNNEAGRRAVYKLADVACKCHGVSGSCSLKTCWLQLADFRKVGEYIKEKYDSAASMRLNKRNKLEQVNQRFNPPTAEDLVYLDPSPDYCLYNETTGSLGTHGRQCNKTSEGMDGCELMCCGRGYDQFKTVQVERCHCKFHWCCFVKCKKCTEIVDQYVCK:FLTFLEPVNNITIVQGQAATLHCKVSGNPLPNVKWLKNDAPVVQEPKRITIRKTDYGSRLRIQDLDTTDTGYYQCVATNGIKTITATGVLFVRLGPTNSPNPNTQDDYHKDGFCQPYRGIACARFIGNRTIYVDSLQMQGEIENRITAAFTMIGTSTHLSDQCSQFAIPSFCHFVFPLCDDQTSKPRELCRDECEVLENDLCRQEYNIARSNPLILMQLHLPNCEELPLPESPEAANCMRIGIPVEKLNRYQQCYNGTGTDYRGSVIVTKSGHQCQPWSNQVPHSHSLSSADHPEIGGGHAYCRNPGGQMEGPWCFTLNKHVRMELCDIPACR
WNT2_CAEEL_and_CAM1_CAEEL,CELPGLSPGQAQVCELFKDHMPAVSIGAQNAIQECQRQFTGHRWNCSTHYSTGMLGPIHKMATREAAFTYAILSAGVTHEIGRRCKQGLLTSCGCSDETKPKNVPTDWSWGGCGDNVEYGYKFSRDFIDIREKEHDPKRNHDNGRSLMNRRNNEAGRKILKRHRKPKCKCHGVSGACNMKTCWMQLPSMEQVGKILRNKYDKAIRVQINDRGNLQLLADEATKERKTRALPTDLVFMDDSPDYCRFDRHSGTLGTEGRVCKRGSGGAEGCDSLCCGRGYNTYTQEVKSKCNCKFEWCCKVVCQTCNNVTQVDICK:YIRLTSQLRNATKSSGDEVRFKCEALGTPPLKFIWLKNNGPVEKTKRVKIRDKENSSRLVITQLDVLDSGYYQCIVSNPAASVNTTSVLRVNNVPDAVKLSQKKGSHHSTKHIAFDEYEDYEMMDRGRLPDEEDADLYRVPDSAAGSNYAPVAVSERWLDGIKYRVGDCVQYRGEACRQYLSNKFVMMTNESREEMYDIDRNLRAAMLFINGAPTISQKCRQLSQAVACHHMYKVCESDSNNQIVSICKHDCDVIQNDECPSELALAAQHELVGDTPKALFPLCSRLSSTSNCIPVMSTALQSSPVAEVNRGHLTHWCYVNSGTQYEGTVAQTSSGKQCAPWIDSTSRDFNVHRFPELMNSKNYCRNPGGKKSRPWCYSKPMGQEEYCDVPQCP
